abelha		abelha	a abelha	ɐ ɐˈbɐʎɐ	a aˈbeʎɐ	sf	Inseto que produz mel e poliniza flores.		bee	ˈbi	ˈbiː	n	A flying insect known for producing honey and pollinating flowers.	I’m scared of bees. I’m allergic to their stings.	abeja						abeille						Biene						abella						ape												Curso::1C1::File_9 Curso::1C1::Vocabulary-Bank::Animal-Matters Voc::Animals Voc::Animals::EN
anêmona		anêmona	a anêmona	ɐ ɐˈnemunɐ	a ɐˈnemunɐ	sf	Animal marinho com tentáculos e corpo gelatinoso.		anemone	əˈnɛməni	əˈneməni	n	A type of flower or sea creature, depending on context.		anémona						anémone						Anemone						anemona						anemone												English Portugues::1VOC::Animais::Marinos Voc::Animals Voc::Animals::EN Voc::Animals::PT
asa		asa	a asa	ɐ ˈazɐ	a ˈazɐ	sf	Membro que permite o voo nas aves.		wing	ˈwɪŋ	ˈwɪŋ	n	The limb used by birds and insects for flying.	The bird had a broken wing and couldn’t fly.	ala						aile						Flügel						ala						ala												Curso::1C1::File_9 Curso::1C1::Vocabulary-Bank::Animal-Matters Voc::Animals Voc::Animals::EN
ativista dos direitos dos animais		ativista dos direitos dos animais	o/a ativista dos direitos dos animais	ˈɔɐ ɐtiˈviʃtɐ ˈdɔʒ diˈɾɐjtuʒ ˈdɔz ɐniˈmajʃ	ˈɔɐ atʃiˈvistɐ ˈdɔs dʒiˈɾejtus ˈdɔs ɐniˈmajs	s m/f	Pessoa que luta pelos direitos dos animais.		animal rights activist	ˈænəməl ˈɹaɪts ˈæktɪvɪst	ˈænɪməl ˈraɪts ˈæktɪvɪst	n	A person who campaigns for the ethical treatment of animals.	She is an animal rights activist.	activista por los derechos de los animales						militant des droits des animaux						Tierrechtsaktivist						activista pels drets dels animals						attivista per i diritti degli animali												Curso::1C1::File_9 Curso::1C1::Vocabulary-Bank::Animal-Matters Voc::Animals Voc::Animals::EN
barbatana		barbatana	a barbatana	ɐ bɐɾbɐˈtɐnɐ	a baʁbaˈtɐnɐ	sf	Extremidade natatória de peixes e mamíferos aquáticos.		fin	ˈfɪn	ˈfɪn	n	A flattened appendage used by fish for swimming.	Fish use their fins for swimming.	aleta						nageoire						Flosse						aleta						pinna												Curso::1C1::File_9 Curso::1C1::Vocabulary-Bank::Animal-Matters Voc::Animals Voc::Animals::EN Voc::Fish Voc::Whales
bezerro		bezerro	o bezerro	u bɨˈzɛʁu	u beˈzɛʁu	sm	Filhote de boi ou vaca.		calf	ˈkʰæf	ˈkʰɑːf	n	A young cow or bull (but also elephants and whales)	The cow had a calf last night.	ternero						veau						Kalb						vedell						vitello												Curso::1C1::File_9 Curso::1C1::Vocabulary-Bank::Animal-Matters Voc::Animals Voc::Animals::Baby_Animals Voc::Animals::EN Voc::Cows Voc::Farm_Animals
bico		bico	o bico	u ˈbiku	u ˈbiku	sm	Parte rígida e pontiaguda de aves e outros animais.		beak	ˈbik	ˈbiːk	n	The hard, pointed mouthpart of a bird.	Male blackbirds have yellow beaks.	pico						bec						Schnabel						bec						becco												Curso::1C1::File_9 Curso::1C1::Vocabulary-Bank::Animal-Matters Voc::Animals Voc::Animals::EN Voc::Birds
cabrito		cabrito	o cabrito	u kɐˈbɾitu	u kaˈbɾitu	sm	Filhote de cabra.		kid	ˈkʰɪd	ˈkʰɪd	n	A young goat.	On the farm we saw some goats and their newborn kids.	cabrito						chevreau						Zicklein						cabrit						capretto												Curso::1C1::File_9 Curso::1C1::Vocabulary-Bank::Animal-Matters Voc::Animals::Baby_Animals Voc::Animals::EN Voc::Farm_Animals Voc::Goats-Sheep
caça		caça	a caça	ɐ ˈkasɐ	a ˈkasɐ	sf	Ato de perseguir e matar animais para alimentação ou desporto.		hunting	ˈhəntɪŋ	ˈhʌntɪŋ	n	The act of pursuing and killing animals for food or sport.	Hunting for food is acceptable, but hunting for fun is not.	caza						chasse						Jagd						caça						caccia												Curso::1C1::File_9 Curso::1C1::Vocabulary-Bank::Animal-Matters Voc::Animals::EN
caçado por esporte		caçado por esporte	caçado por esporte	kɐˈsadu puɾ ˈʃpɔɾtɨ	kaˈsadu puʁ isˈpɔʁtʃi	exp	Prática de matar animais por prazer ou esporte.		hunted for sport	ˈhəntəd fə˞ ˈspɔrt	ˈhʌntɪd fə ˈspɔːt	exp	Describes animals that are killed for recreation rather than survival.	Some animals are hunted for sport.	cazado por deporte						chassé pour le sport						zum Sport gejagt						cacat per esport						cacciato per sport												Curso::1C1::File_9 Curso::1C1::Vocabulary-Bank::Animal-Matters Voc::Animals Voc::Animals::EN
cachorrinho		cachorrinho	o cachorrinho	u kɐʃuˈʁiɲu	u kaʃoˈʁiɲu	sm	Cão jovem, filhote.		puppy	ˈpʰəpi	ˈpʰʌpi	n	A young dog.	The dog had seven puppies.	cachorro						chiot						Welpe						cadell						cucciolo												Curso::1C1::File_9 Curso::1C1::Vocabulary-Bank::Animal-Matters Voc::Animals Voc::Animals::Baby_Animals Voc::Animals::EN Voc::Dogs
camarão		camarão	o camarão	u kɐmɐˈɾɐ̃w̃	u kɐmaˈɾɐ̃w̃	sm	Crustáceo marinho muito apreciado na culinária.		shrimp	ˈʃɹɪmp	ˈʃrɪmp	n	A small, swimming crustacean often used as food.		camarón						crevette						Garnele						gamba						gambero												Voc::Animals Voc::Animals::EN Voc::Animals::PT Voc::Food Voc::Sea_Animals Voc::Seafood
canário	&lt;img src=&quot;_canario.JPG&quot;&gt;	canário	o canário	u kɐˈnaɾiu	u kɐˈnaɾiu	sm	Ave canora geralmente criada em gaiolas.		canary, canaries	kəˈnɛri | kəˈnɛriz	kəˈneəri | kəˈneəriz	n	A small yellow songbird often kept as a pet.	Please keep the canary in the cage.	canario						canari						Kanarienvogel						canarí						canarino												Curso::1C1::File_9 Curso::1C1::Vocabulary-Bank::Animal-Matters Voc::Animals Voc::Animals::EN Voc::Birds
canil		canil	o canil	u kɐˈniɫ	u kɐˈniw	sm	Abrigo para cães geralmente abandonados ou resgatados.		kennel	ˈkʰɛnl̩	ˈkʰenᵊl	n	A small shelter or house for a dog.	My dog usually sleeps in a kennel .	perrera						chenil						Zwinger						canera						canile												Curso::1C1::File_9 Curso::1C1::Vocabulary-Bank::Animal-Matters Voc::Animals Voc::Animals::EN Voc::Dogs
casco / cascos	&lt;img src=&quot;_hooves.jpg&quot;&gt;	casco / cascos	o casco / os cascos	u ˈkaʃku | uʃ ˈkaʃkuʃ	u ˈkasku | uʃ ˈkaskus	sm	Cobertura dura de animais como cavalos e tartarugas.		hoof / hooves	ˈhʊf | ˈhuvz	ˈhuːf | ˈhuːvz	n pl	The hard covering on the feet of horses, cows, and similar animals.	They have to shoe the horse’s hooves.	pezuña / pezuñas						sabot / sabots						Huf / Hufe						casc / cascs						zoccolo / zoccoli												Curso::1C1::File_9 Curso::1C1::Vocabulary-Bank::Animal-Matters Voc::Animals Voc::Animals::EN Voc::Horses
cauda		cauda	a cauda	ɐ ˈkawdɐ	a ˈkawdɐ	sf	Extremidade posterior de animais.		tail	ˈtʰeɪl	ˈtʰeɪl	n	The part of an animal’s body that extends from its back.	The dog was wagging its tail wildly.	cola						queue						Schwanz						cua						coda												Curso::1C1::File_9 Curso::1C1::Vocabulary-Bank::Animal-Matters Voc::Animals Voc::Animals::EN
cheirar uma ratoeira		cheirar uma ratoeira	cheirar uma ratoeira	ʃɐjˈɾaɾ ˈumɐ ʁɐtuˈɐjɾɐ	ʃejˈɾaʁ ˈumɐ ʁatoˈejɾɐ	exp	Suspeitar de uma armadilha.		smell a rat	ˈsmɛl ə ˈɹæt	ˈsmel ə ˈræt	exp	To suspect that something is wrong or dishonest.	They say no one is going to be fired, but I smell a rat.	sentir algo raro						ressentir un piège						etwas faul riechen						ensumar alguna cosa rara						sentire odore di bruciato												Curso::1C1::File_9 Curso::1C1::Vocabulary-Bank::Animal-Matters Voc::Animals Voc::Animals::EN
chifre		chifre	o chifre	u ˈʃifɾɨ	u ˈʃifɾi	sm	Estrutura óssea usada para defesa ou ataque.		horn, horns	ˈhɔrn | ˈhɔrnz	ˈhɔːn | ˈhɔːnz	n	A hard, pointed growth on the head of some animals, such as rams or cattle.	Rams have curved horns.	cuerno						corne						Horn						banya						corno												Curso::1C1::File_9 Curso::1C1::Vocabulary-Bank::Animal-Matters Voc::Animals Voc::Animals::EN
colmeia		colmeia	a colmeia	ɐ kɔɫˈmɐjɐ	a kɔwˈmejɐ	sf	Habitação de abelhas onde produzem mel.		hive	ˈhaɪv	ˈhaɪv	n	A structure where bees live and produce honey.	There was a hive full of bees in the park near the school.	colmena						ruche						Bienenstock						rusc						alveare												Curso::1C1::File_9 Curso::1C1::Vocabulary-Bank::Animal-Matters Voc::Animals Voc::Animals::EN Voc::Bees
com o rabo entre as pernas		com o rabo entre as pernas	com o rabo entre as pernas	ˈkõ u ˈʁabu ˈẽtɾɨ ɐʃ ˈpɛɾnɐʃ	ˈkõ u ˈʁabu ˈẽtɾi aʃ ˈpɛʁnas	exp	Demonstrar medo ou submissão.		with his tail between his legs	ˈwɪθ ˈhɪz ˈtʰeɪl bɪˈtwin ˈhɪz ˈlɛɡz	wɪð hɪz ˈtʰeɪl bɪˈtwiːn hɪz ˈleɡz	exp	Feeling ashamed or embarrassed after failure.	After playing so badly, he walked off with his tail between his legs.	con el rabo entre las piernas						la queue entre les jambes						den Schwanz eingezogen						amb la cua entre les cames						con la coda tra le gambe												Curso::1C1::File_9 Curso::1C1::Vocabulary-Bank::Animal-Matters Voc::Animals Voc::Animals::EN
como água em penas de pato		como água em penas de pato	como água em penas de pato	ˈkɔmu ˈaɡwɐ ˈɐ̃j̃ ˈpɛnɐʒ dɨ ˈpatu	ˈkɔmu ˈaɡwɐ ˈẽj̃ ˈpɛnas dʒi ˈpatu	exp	Algo que não se afeta por problemas.		like water off a duck’s back	ˈlaɪk ˈwɔtə˞ ˈɔf ə ˈdəks ˈbæk	ˈlaɪk ˈwɔːtər ˈɒf ə ˈdʌks ˈbæk	exp	A criticism or insult that has no effect on someone.	I told him everything I thought about him, but it was like water off a duck’s back .	como agua en las plumas de un pato						comme l&#x27;eau sur les plumes d&#x27;un canard						abperlen wie Wasser von einer Ente						com aigua sobre les plomes d&#x27;un ànec						come l&#x27;acqua sulle piume di un&#x27;anatra												Curso::1C1::File_9 Curso::1C1::Vocabulary-Bank::Animal-Matters Voc::Animals Voc::Animals::EN
como um peixe fora d’água		como um peixe fora d’água	como um peixe fora d’água	ˈkɔmu ˈũ ˈpɐjʃɨ ˈfɔɾɐ ˈdaɡwɐ	ˈkɔmu ˈũ ˈpejʃi ˈfɔɾɐ ˈdaɡwɐ	exp	Estar fora de seu ambiente natural.		like a fish out of water	ˈlaɪk ə ˈfɪʃ ˈaʊt əv ˈwɔtə˞	ˈlaɪk ə ˈfɪʃ ˈaʊt əv ˈwɔːtə	exp	Feeling uncomfortable or out of place in a situation.	He was like a fish out of water when we moved to London.	como pez fuera del agua						comme un poisson hors de l&#x27;eau						wie ein Fisch auf dem Trockenen						como un peix fora de l&#x27;aigua						come un pesce fuor d&#x27;acqua												Curso::1C1::File_9 Curso::1C1::Vocabulary-Bank::Animal-Matters Voc::Animals Voc::Animals::EN
concha		concha	a concha	ɐ ˈkõʃɐ	a ˈkõʃɐ	sf	Cobertura dura de moluscos e crustáceos.		shell	ˈʃɛl	ˈʃel	n	The hard outer covering of some animals, such as turtles or snails.	Snail shells break easily, so don’t tread on them.	concha						coquille						Schale						clova						conchiglia												Curso::1C1::File_9 Curso::1C1::Vocabulary-Bank::Animal-Matters Voc::Animals Voc::Animals::EN Voc::Turtles
condições desumanas		condições desumanas	as condições desumanas	ɐʃ kõdiˈsõj̃ʒ dɨzuˈmɐnɐʃ	aʃ kõdʒiˈsõj̃s dezuˈmɐnas	sfp	Situação que desrespeita o bem-estar animal.		inhumane conditions	ˌɪnhjuˈmeɪn kənˈdɪʃənz	ˌɪnhjʊˈmeɪn kənˈdɪʃᵊnz	n pl	Describes living or working conditions that are cruel and cause suffering.	Chickens were transported in inhumane conditions.	condiciones inhumanas						conditions inhumaines						Unmenschliche Bedingungen						condicions inhumanes						condizioni disumane												Curso::1C1::File_9 Curso::1C1::Vocabulary-Bank::Animal-Matters Voc::Animals Voc::Animals::EN
conservação		conservação	a conservação	ɐ kõsɨɾvɐˈsɐ̃w̃	a kõseʁvaˈsɐ̃w̃	sf	Proteção e preservação da natureza e dos recursos.		conservation	ˌkɑnsə˞ˈveɪʃən	ˌkɒnsəˈveɪʃᵊn	n	The protection and preservation of nature and resources.	We should spend more time and money on general conservation , not only a few endangered species.	conservación						conservation						Erhaltung						conservació						conservazione												Curso::1C1::File_9 Curso::1C1::Vocabulary-Bank::Animal-Matters Voc::Animals::EN
criado em cativeiro		criado em cativeiro	criado em cativeiro	kɾiˈadu ˈɐ̃j̃ kɐtiˈvɐjɾu	kɾiˈadu ˈẽj̃ katʃiˈvejɾu	exp	Criado em ambiente fechado, não na natureza.		bred in captivity	ˈbɹɛd ˈɪn kæpˈtʰɪvəti	ˈbred ɪn kæpˈtʰɪvɪti	exp	Describes animals that have been raised by humans rather than in the wild.	The bear was bred in captivity .	criado en cautividad						élevé en captivité						in Gefangenschaft gezüchtet						criat en captivitat						allevato in cattività												Curso::1C1::File_9 Curso::1C1::Vocabulary-Bank::Animal-Matters Voc::Animals Voc::Animals::EN
égua		égua	a égua	ɐ ˈɛɡwɐ	a ˈɛɡwɐ	sf	Fêmea adulta do cavalo.		mare	ˈmɛr	ˈmeə	n	An adult female horse.		yegua						jumente						Stute						egua						giumenta												Voc::Animals Voc::Animals::EN Voc::Animals::PT Voc::Horses
escama		escama	a escama	ɐ ˈʃkɐmɐ	a isˈkɐmɐ	sf	Estrutura fina e achatada que cobre a pele de certos animais, como peixes e répteis.	Iguana cada escama é drama que passou por ti	scale, scales	ˈskeɪl | ˈskeɪlz	ˈskeɪl | ˈskeɪlz	n	Thin, flat, and rigid outer covering found on fish and reptiles.		escama						écaille						Schuppe						escama						scaglia												Curso::1C1::Vocabulary-Bank::Animal-Matters English::2VOC Voc::Animals Voc::Animals::EN Voc::Fish Voc::Reptiles
espécie em extinção		espécie em extinção	a espécie em extinção	ɐ ˈʃpɛsiɨ ˈɐ̃j̃ iʃtĩˈsɐ̃w̃	a isˈpɛsii ˈẽj̃ iʃtĩˈsɐ̃w̃	sf	Espécie cuja população está ameaçada de extinção.		endangered species	ɪnˈdeɪndʒə˞d ˈspiʃiz	ɪnˈdeɪndʒəd ˈspiːʃiːz	n	A group of animals or plants at risk of extinction.	The sea turtle is an endangered species.	especie en peligro de extinción						espèce en voie de disparition						bedrohte Tierart						espècie en perill d&#x27;extinció						specie in via di estinzione												Curso::1C1::File_9 Curso::1C1::Vocabulary-Bank::Animal-Matters Voc::Animals Voc::Animals::EN
estábulo		estábulo	o estábulo	u ˈʃtabulu	u isˈtabulu	sm	Local para cavalos e outros animais de fazenda.		stable	ˈsteɪbəl	ˈsteɪbᵊl	n	A building where horses are kept.	The horse was led back to the stable .	establo						écurie						Stall						establest						maneggio												Curso::1C1::File_9 Curso::1C1::Vocabulary-Bank::Animal-Matters Voc::Animals Voc::Animals::EN Voc::Horses
fazer todo o trabalho pesado		fazer todo o trabalho pesado	fazer todo o trabalho pesado	fɐˈzeɾ ˈtɔdu u tɾɐˈbaʎu pɨˈzadu	faˈzeʁ ˈtɔdu u tɾaˈbaʎu peˈzadu	exp	Realizar tarefas mais difíceis ou cansativas.		do all the donkey work	ˈdu ˈɔl ðə ˈdɑŋki ˈwɜ˞k	ˈduː ˈɔːl ðə ˈdɒŋki ˈwɜːk	exp	To do the hard, tedious, or less rewarding part of a task.	I did all the donkey work for this project. I hope to get some credit for it.	hacer todo el trabajo sucio						faire tout le sale boulot						die Drecksarbeit machen						fer tota la feina bruta						fare tutto il lavoro sporco												Curso::1C1::File_9 Curso::1C1::Vocabulary-Bank::Animal-Matters Voc::Animals Voc::Animals::EN
filhote		filhote	o filhote	u fiˈʎɔtɨ	u fiˈʎɔtʃi	sm	Animal jovem, especialmente mamíferos.		cub	ˈkʰəb	ˈkʰʌb	n	A young carnivorous animal such as a lion, bear, or wolf.	The film is about a lion cub that gets separated from its family.	cachorro						jeune animal						Jungtier						cachorretó						cucciolo												Curso::1C1::File_9 Curso::1C1::Vocabulary-Bank::Animal-Matters Voc::Animals Voc::Animals::Baby_Animals Voc::Animals::EN Voc::Bears Voc::Canides Voc::Cats
gaiola		gaiola	a gaiola	ɐ ɡɐjˈɔlɐ	a ɡajˈɔlɐ	sf	Recipiente fechado para manter aves ou pequenos animais.		cage	ˈkʰeɪdʒ	ˈkʰeɪdʒ	n	A structure of bars or wire in which animals are kept.	I hate seeing animals in cages.	jaula						cage						Käfig						gàbia						gabbia												Curso::1C1::File_9 Curso::1C1::Vocabulary-Bank::Animal-Matters Voc::Animals Voc::Animals::EN Voc::Birds Voc::Zoos
garra		garra	a garra	ɐ ˈɡaʁɐ	a ˈɡaʁɐ	sf	Estrutura pontiaguda usada por animais para agarrar ou rasgar.		claw	ˈklɔ	ˈklɔː	n	A sharp, curved nail found on the feet of some animals.	Be careful with the cat’s claws. They’re sharp.	garra						griffe						Kralle						urpa						artiglio												Curso::1C1::File_9 Curso::1C1::Vocabulary-Bank::Animal-Matters Voc::Animals Voc::Animals::EN
gatinho		gatinho	o gatinho	u ɡɐˈtiɲu	u ɡaˈtʃiɲu	sm	Filhote de gato; termo carinhoso para um gato pequeno.		kitten	ˈkʰɪtn̩	ˈkʰɪtᵊn	n	A young cat.		gatito						chaton						Kätzchen						gatetto						gattino												Curso::1C1::Vocabulary-Bank::Animal-Matters Voc::Animals::EN Voc::Cats
gorgulhos	<img src="_weevil_gorgojo.JPG">	gorgulhos	os gorgulhos	uʒ ɡuɾˈɡuʎuʃ	uʒ ɡoʁˈɡuʎus	smp	Insetos pequenos que atacam grãos e alimentos armazenados.		weevils	ˈwivəlz	ˈwiːvᵊlz	np	Small beetles known for their elongated snouts, often harmful to crops and stored grains due to their feeding habits.		gorgojos						charançon						Rüsselkäfer						cuc						tonchi												Portugues::1VOC::Animais Voc::Animals Voc::Animals::Basic Voc::Animals::EN Voc::Animals::PT Voc::Insects
grunhido		grunhido	o grunhido	u ɡɾuˈɲidu	u ɡɾuˈɲidu	sm	Som rouco e baixo emitido por certos animais.		grunt	ˈɡɹənt	ˈɡrʌnt	v	The low, rough sound made by pigs or other animals.	The pigs grunted and everybody laughed.	grunido						grognement						Grunzen						gruixit						grugnito												Curso::1C1::File_9 Curso::1C1::Vocabulary-Bank::Animal-Matters Voc::Animals Voc::Animals::EN
grunhido		grunhido	o grunhido	u ɡɾuˈɲidu	u ɡɾuˈɲidu	sm	Som rouco e baixo emitido por certos animais.		grunt	ˈɡɹənt	ˈɡrʌnt	v	What sound do pigs make?	The pigs grunted and everybody laughed.	grunido						grognement						Grunzen						gruixit						grugnito												Curso::1C1::File_9 Curso::1C1::Vocabulary-Bank::Animal-Matters English Portugues::1VOC Voc::Animals Voc::Animals::EN Voc::Animals::PT
guincho		guincho	o guincho	u ˈɡĩʃu	u ˈɡĩʃu	sm	Som agudo emitido por aves ou animais pequenos.		squeak	ˈskwik	ˈskwiːk	v	A high-pitched sound made by mice or small creatures.	Oh no! I think I heard a mouse squeak .	chirrido						couinement						Quietschen						xiulet						squittio												Curso::1C1::File_9 Curso::1C1::Vocabulary-Bank::Animal-Matters Voc::Animals Voc::Animals::EN
guincho		guincho	o guincho	u ˈɡĩʃu	u ˈɡĩʃu	sm	Som agudo emitido por aves ou animais pequenos.		squeak	ˈskwik	ˈskwiːk	v	What sound do mice make?	Oh no! I think I heard a mouse squeak .	chirrido						couinement						Quietschen						xiulet						squittio												Curso::1C1::File_9 Curso::1C1::Vocabulary-Bank::Animal-Matters English Portugues::1VOC Voc::Animals Voc::Animals::EN Voc::Animals::PT
infestação		infestação	a infestação	ɐ ĩfɨʃtɐˈsɐ̃w̃	a ĩfestaˈsɐ̃w̃	sf	Superpopulação de insetos ou pragas.		infestation	ˌɪnˌfɛˈsteɪʃən	ˌɪnfesˈtʰeɪʃᵊn	n	A large number of insects or animals causing damage in a place.	She had an infestation of insects in her house.	infestación						infestation						Befall						infestació						infestazione												Curso::1C1::File_9 Curso::1C1::Vocabulary-Bank::Animal-Matters Voc::Animals Voc::Animals::EN
instituição de caridade animal		instituição de caridade animal	a instituição de caridade animal	ɐ ĩʃtitujˈsɐ̃w̃ dɨ kɐɾiˈdadɨ ɐniˈmaɫ	a ĩstʃitujˈsɐ̃w̃ dʒi kaɾiˈdadʒi ɐniˈmaw	sf	Organização que cuida de animais abandonados ou maltratados.		animal charity	ˈænəməl ˈtʃɛrəti	ˈænɪməl ˈtʃærɪti	n	An organization dedicated to protecting and caring for animals.	He works for an animal charity .	organización benéfica de animales						association de protection des animaux						Tierschutzorganisation						protectora d'animals						associazione per la protezione degli animali												Curso::1C1::File_9 Curso::1C1::Vocabulary-Bank::Animal-Matters Voc::Animals Voc::Animals::EN
latido		latido	o latido	u lɐˈtidu	u laˈtʃidu	sm	Som emitido por cães para comunicar ou alertar.		bark	ˈbɑrk	ˈbɑːk	v	The loud sound made by a dog.	The dog is barking . There might be someone at the door.	ladrido						aboiement						Bellen						lladruc						abbaio												Curso::1C1::File_9 Curso::1C1::Vocabulary-Bank::Animal-Matters Voc::Animals Voc::Animals::EN
latido		latido	o latido	u lɐˈtidu	u laˈtʃidu	sm	Som emitido por cães para comunicar ou alertar.		bark	ˈbɑrk	ˈbɑːk	v	What sound do dogs make?	The dog is barking. There might be someone at the door.	ladrido						aboiement						Bellen						lladruc						abbaio												Curso::1C1::File_9 Curso::1C1::Vocabulary-Bank::Animal-Matters English Portugues::1VOC Voc::Animals Voc::Animals::EN Voc::Animals::PT
maltratar		maltratar	maltratar	maɫtɾɐˈtaɾ	mawtɾaˈtaʁ	v	Tratar um animal com crueldade ou negligência.		treat cruelly	ˈtɹit ˈkɹuli	ˈtriːt ˈkruːəli	v	To cause suffering or pain to animals or people.	Some people treat animals cruelly .	maltratar						maltraiter						grausam behandeln						maltractar						maltrattare												Curso::1C1::File_9 Curso::1C1::Vocabulary-Bank::Animal-Matters Voc::Animals Voc::Animals::EN
marisco		marisco	o marisco	u mɐˈɾiʃku	u maˈɾisku	sm	Molusco de concha comestível.		shellfish	ˈʃɛlˌfɪʃ	ˈʃelfɪʃ	n	A type of seafood including shrimp, crabs, and clams.	I am extremely allergic to shellfish , so can&amp;#x27;t eat it.	marisco						coquillage						Schalentier						marisc						frutti di mare												Curso::1C1::File_9 Curso::1C1::Vocabulary-Bank::Animal-Matters Voc::Animals Voc::Animals::EN
matar dois coelhos com uma cajadada só		matar dois coelhos com uma cajadada só	matar dois coelhos com uma cajadada só	mɐˈtaɾ ˈdojʃ kuˈɐʎuʃ ˈkõ ˈumɐ kɐʒɐˈdadɐ ˈsɔ	maˈtaʁ ˈdojs koˈeʎus ˈkõ ˈumɐ kaʒaˈdadɐ ˈsɔ	exp	Realizar duas tarefas com um único esforço.		kill two birds with one stone	ˈkʰɪl ˈtʰu ˈbɜ˞dz ˈwɪθ ˈwən ˈstoʊn	ˈkʰɪl ˈtʰuː ˈbɜːdz wɪð ˈwʌn ˈstəʊn	exp	To accomplish two things at once with a single effort.	The meeting is in Manchester so I can visit my mother and kill two birds with one stone .	matar dos pájaros de un tiro						faire d’une pierre deux coups						zwei Fliegen mit einer Klappe schlagen						matar dos pardals d&#x27;un tir						accoppare due piccioni con una fava												Curso::1C1::File_9 Curso::1C1::Vocabulary-Bank::Animal-Matters Voc::Animals Voc::Animals::EN
melro	&lt;img src=&quot;_blackbird.JPG&quot;&gt;	melro	o melro	u ˈmɛɫʁu	u ˈmɛwʁu	sm	Pássaro canoro de plumagem negra ou escura.		blackbird	ˈblækˌbɜ˞d	ˈblækbɜːd	n	A type of songbird with black plumage, common in Europe and North America.	A blackbird has nested in my garden.	mirlo						merle						Amsel						merla						merlo												Curso::1C1::File_9 Curso::1C1::Vocabulary-Bank::Animal-Matters Voc::Animals Voc::Animals::EN Voc::Birds Voc::Crows
miar		miar	miar	miˈaɾ	miˈaʁ	v	Som emitido pelos gatos.		meow	miˈaʊ	ˌmiːˈaʊ	v	The sound made by a cat.	I can hear the cat meowing from here.	maullar						miauler						Miauen						miolar						miagolare												Curso::1C1::File_9 Curso::1C1::Vocabulary-Bank::Animal-Matters Voc::Animals Voc::Animals::EN
miar		miar	miar	miˈaɾ	miˈaʁ	v	Som emitido pelos gatos.		meow	miˈaʊ	ˌmiːˈaʊ	v	What sound do cats make?	I can hear the cat meowing from here.	maullar						miauler						Miauen						miolar						miagolare												Curso::1C1::File_9 Curso::1C1::Vocabulary-Bank::Animal-Matters English Portugues::1VOC Voc::Animals Voc::Animals::EN Voc::Animals::PT
mula		mula	a mula	ɐ ˈmulɐ	a ˈmulɐ	sf	Híbrido de cavalo e jumento, geralmente estéril.		mule	ˈmjul	ˈmjuːl	n	A hybrid animal resulting from the cross between a horse and a donkey.		mula						muletière						Maultier						mula						mulo												Voc::Animals Voc::Animals::EN Voc::Animals::PT Voc::Horses
ninho	&lt;img src=&quot;_ninho_nido_nest.JPG&quot;&gt;	ninho	o ninho	u ˈniɲu	u ˈniɲu	sm	Estrutura feita por pássaros para proteger seus ovos.		nest	ˈnɛst	ˈnest	n	A structure built by birds for laying eggs and raising young.	Have you seen that bird’s nest ? I think there are eggs in there.	nido						nid						Nest						niu						nido												Curso::1C1::File_9 Curso::1C1::Vocabulary-Bank::Animal-Matters My_Mess::Multi Voc::Animals Voc::Animals::EN Voc::Birds
o latido é pior que a mordida dela		o latido é pior que a mordida dela	o latido é pior que a mordida dela	u lɐˈtidu ˈɛ piˈɔɾ kɨ ɐ muɾˈdidɐ ˈdɛlɐ	u laˈtʃidu ˈɛ piˈɔʁ ki a moʁˈdʒidɐ ˈdɛlɐ	exp	Expressão sobre ameaças vazias.		her bark is worse than her bite	ˈhɜ˞ ˈbɑrk ˈɪz ˈwɜ˞s ˈðæn ˈhɜ˞ ˈbaɪt	ˈhɜː ˈbɑːk ˈɪz ˈwɜːs ðæn ˈhɜː ˈbaɪt	exp	Someone who seems aggressive but is actually not harmful.	My boss can seem quite aggressive, but in fact her bark is worse than her bite .	perro ladrador, poco mordedor						chien qui aboie ne mord pas						Hunde, die bellen, beißen nicht						el seu lladruc és pitjor que la seua mossegada						il suo abbaiare è peggio del suo mordere												Curso::1C1::File_9 Curso::1C1::Vocabulary-Bank::Animal-Matters Voc::Animals Voc::Animals::EN
ovos de chikilidae	<img src="_chikilidae_eggs.JPG">	ovos de chikilidae	os ovos de chikilidae	uz ˈɔvuʒ dɨ ʃiiliˈdai	uz ˈɔvus dʒi ʃiiliˈdai	smp	Ovos de um tipo raro de anfíbio.		chikilidae eggs	#chikilidae# ˈɛɡz	#chikilidae# ˈeɡz	n	Eggs of a small amphibian species, possibly referenced metaphorically in Attack on Titan.	Scientists discovered a nest of chikilidae eggs near the riverbank.	huevos de chikilidae						œufs de chikilidae						Chikilidae-Eier						ous de chikilidae						uova di chikilidae												English My-Choice::FanFics::Ein-Riese My-Choice::FanFics::Titan-Eren Voc::Animals Voc::Animals::EN Voc::Animals::PT Voc::AOT Voc::Crazy_Difficult Voc::My_Choice
pastoreio	<img src="_grazing.JPG">	pastoreio	o pastoreio	u pɐʃtuˈɾɐju	u pastoˈɾeju	sm	Prática de pastorear rebanhos.		grazing	ˈɡɹeɪzɪŋ	ˈɡreɪzɪŋ	v	Eating small amounts of food continuously.	He gestures towards the foliage, and Mikasa sees a large buck grazing a few meters away.	pastoreo						pâturage						Weiden						pasturatge						pascolo												English My-Choice::FanFics::Lost-in-the-Cosmos-Lonely My-Choice::FanFics::Titan-Eren Voc::Animals Voc::Animals::EN Voc::Animals::PT Voc::AOT Voc::Deer Voc::Domestic_Animals Voc::Farm_Animals Voc::Horses Voc::My_Choice Voc::Nature
pata		pata	a pata	ɐ ˈpatɐ	a ˈpatɐ	sf	Pé de aves e animais quadrúpedes.		paw	ˈpʰɔ	ˈpʰɔː	n	The foot of an animal with claws, such as a dog or cat.	The cat had white paws.	pata						patte						Pfote						pota						zampa												Curso::1C1::File_9 Curso::1C1::Vocabulary-Bank::Animal-Matters Voc::Animals Voc::Animals::EN Voc::Canides Voc::Dogs
peixinho dourado		peixinho dourado	o peixinho dourado	u pɐjˈʃiɲu doˈɾadu	u pejˈʃiɲu doˈɾadu	sm	Peixe ornamental de cor dourada.		goldfish	ˈɡoʊldˌfɪʃ	ˈɡəʊldfɪʃ	n	A small, orange freshwater fish commonly kept as a pet.	I have to buy a new tank for the goldfish .	pez dorado						poisson rouge						Goldfisch						peixet daurat						pesce rosso												Curso::1C1::File_9 Curso::1C1::Vocabulary-Bank::Animal-Matters Voc::Animals Voc::Animals::EN
pelagem, pelagens		pelagem, pelagens	a pelagem, pelagens	ɐ pɨˈlaʒɐ̃j̃ | pɨˈlaʒẽʃ	a peˈlaʒẽj̃ | peˈlaʒẽs	sf, sfp	Pelagem ou cobertura de pelos de um animal.		fur	ˈfɜ˞	ˈfɜː	n	The thick, soft hair that covers the bodies of some animals.	Some animals are hunted for their fur.	pelaje						poil						Fell						pelatge						pelliccia												Curso::1C1::File_9 Curso::1C1::Vocabulary-Bank::Animal-Matters Voc::Animals Voc::Animals::EN
piar		piar	piar	piˈaɾ	piˈaʁ	v	Som emitido por aves pequenas.		twitter	ˈtwɪtə˞	ˈtwɪtə	v	The high-pitched sounds made by birds.	I love to hear the birds twitter in the garden.	gorjear						piailler						Zwitschern						piular						cinguettare												Curso::1C1::File_9 Curso::1C1::Vocabulary-Bank::Animal-Matters Voc::Animals Voc::Animals::EN Voc::Birds
piar		piar	piar	piˈaɾ	piˈaʁ	v	Som emitido por aves pequenas.		twitter	ˈtwɪtə˞	ˈtwɪtə	v	What sound do canaries make?	I love to hear the birds twitter in the garden.	gorjear						piailler						Zwitschern						piular						cinguettare												Curso::1C1::File_9 Curso::1C1::Vocabulary-Bank::Animal-Matters English Portugues::1VOC Voc::Animals Voc::Animals::EN Voc::Animals::PT
picada		picada	a picada	ɐ piˈkadɐ	a piˈkadɐ	sf	Picada de inseto ou animal venenoso.		sting	ˈstɪŋ	ˈstɪŋ	n	A wound or irritation caused by an insect or animal.	A wasp sting can be really painful.	picadura						piqûre						Stich						picada						puntura												Curso::1C1::File_9 Curso::1C1::Vocabulary-Bank::Animal-Matters Voc::Animals Voc::Animals::EN
pintinho		pintinho	o pintinho	u pĩˈtiɲu	u pĩˈtʃiɲu	sm	Filhote de galinha ou pássaro jovem.		chick	ˈtʃɪk	ˈtʃɪk	n	A baby bird, especially a young chicken.	There were a few chicks in the yard.	pollito						poussin						Küken						pollastrell						pulcino												Curso::1C1::File_9 Curso::1C1::Vocabulary-Bank::Animal-Matters Voc::Animals Voc::Animals::EN Voc::Chickens
potranca	<img src="_filly_horse.JPG">	potranca	a potranca	ɐ puˈtɾɐ̃kɐ	a poˈtɾɐ̃kɐ	sf	Jovem égua antes de atingir a maturidade.		filly	ˈfɪli	ˈfɪli	n	A young female horse, typically under four years old.		potranca						pouliche						Jungstute						potranca						puledra												Voc::Animals Voc::Animals::EN Voc::Animals::PT Voc::Horses
potro		potro	o potro	u ˈpɔtɾu	u ˈpɔtɾu	sm	Cavalo jovem, especialmente antes de ser domado.		foal	ˈfoʊl	ˈfəʊl	n	A young horse, especially one under a year old.	I love foals. They are so beautiful.	potro						poulain						Fohlen						potrillo						puledro												Curso::1C1::File_9 Curso::1C1::Vocabulary-Bank::Animal-Matters Voc::Animals Voc::Animals::Baby_Animals Voc::Animals::EN Voc::Horses
proteger		proteger	proteger	pɾutɨˈʒeɾ	pɾoteˈʒeʁ	v	Preservar ou manter a salvo.		protect	pɹəˈtʰɛkt	prəˈtʰekt	v	To keep someone or something safe from harm.	This organization is trying to protect animals.	proteger						protéger						schützen						protegir						proteggere												Curso::1C1::File_9 Curso::1C1::Vocabulary-Bank::Animal-Matters Voc::Animals Voc::Animals::EN
raposinho		raposinho	o raposinho	u ʁɐpuˈziɲu	u ʁapoˈziɲu	sm	Filhote de raposa; termo carinhoso para uma pequena raposa.		kit	ˈkʰɪt	ˈkʰɪt	n	A young fox.		cachorro de zorro						renardeau						Fuchsjunges						cadet de rabosa						volpacchiotto												Curso::1C1::Vocabulary-Bank::Animal-Matters Voc::Animals::EN Voc::Goats Voc::Goats-Sheep
reintroduzir		reintroduzir	reintroduzir	ʁɐjntɾuduˈziɾ	ʁejntɾoduˈziʁ	v	Reintroduzir um animal em seu habitat natural.		reintroduce	ˌɹiɪntɹəˈdus	ˌriːɪntrəˈdjuːs	v	To return an animal to its natural habitat after it has been bred or kept elsewhere.	They’ll try to reintroduce the bear into the wild.	reintroducir						réintroduire						Wiedereinführung						reintroduir						reintrodurre												Curso::1C1::File_9 Curso::1C1::Vocabulary-Bank::Animal-Matters Voc::Animals Voc::Animals::EN
relinchar		relinchar	relinchar	ʁɨlĩˈʃaɾ	ʁelĩˈʃaʁ	v	Som alto e prolongado emitido por cavalos.		neigh	ˈneɪ	ˈneɪ	v	The high-pitched sound made by a horse.	The horse neighed when it saw me.	relinchar						hennir						Wiehern						rinyolar						nitrire												Curso::1C1::File_9 Curso::1C1::Vocabulary-Bank::Animal-Matters Voc::Animals Voc::Animals::EN
relinchar		relinchar	relinchar	ʁɨlĩˈʃaɾ	ʁelĩˈʃaʁ	v	Som alto e prolongado emitido por cavalos.		neigh	ˈneɪ	ˈneɪ	v	What sound do horses make?	The horse neighed when it saw me.	relinchar						hennir						Wiehern						rinyolar						nitrire												Curso::1C1::File_9 Curso::1C1::Vocabulary-Bank::Animal-Matters English Portugues::1VOC Voc::Animals Voc::Animals::EN Voc::Animals::PT
rosnado	<img src="_snarl.JPG">	rosnado	o rosnado	u ʁuʒˈnadu	u ʁoʒˈnadu	sm	Som baixo e ameaçador de cães ou animais ferozes.		snarl	ˈsnɑrəl	ˈsnɑːl	n	A tangle or knot, or a growling sound made by an angry animal.	The director’s snarl warned everyone that rehearsals were not going well.<br>The Titan let out a deep snarl before lunging at the soldiers.	gruñido						grognement						Knurren						grunyit						ringhio												Curso::1C1::Vocabulary-Bank::Sounds_and_Human_Voice English My-Choice::FanFics::Predatory-Love Voc::Animals Voc::Animals::EN Voc::Animals::PT Voc::AOT Voc::My_Choice Voc::Sounds Voc::Speaking
ruão	<img src="_roan_horse.JPG">	ruão	o ruão	u ʁuˈɐ̃w̃	u ʁuˈɐ̃w̃	sm	Cavalo de pelagem mesclada de branco e outra cor.		roan	ˈɹoʊn	ˈrəʊn	adj	A horse coat color pattern with a mix of white and colored hairs.		ruano				Los pelajes ruanos (o roanos) tienen pelos blancos en el cuerpo distribuidos de forma uniforme entre pelos pardos o negros.		rouan						Rotschimmel						ruà						roano												Voc::Animals Voc::Animals::EN Voc::Animals::PT Voc::Horses
rugido		rugido	o rugido	u ʁuˈʒidu	u ʁuˈʒidu	sm	Som alto e feroz de animais, especialmente leões.		roar	ˈɹɔr	ˈrɔː	v	The loud, deep sound made by a lion or other large animal.	We heard a lion roar in the reserve. It’s a really scary sound!	rugido						rugissement						Brüllen						rogit						ruggito												Curso::1C1::File_9 Curso::1C1::Vocabulary-Bank::Animal-Matters Voc::Animals Voc::Animals::EN
rugido		rugido	o rugido	u ʁuˈʒidu	u ʁuˈʒidu	sm	Som alto e feroz de animais, especialmente leões.		roar	ˈɹɔr	ˈrɔː	v	What sound do lions and other large animals make?	We heard a lion roar in the reserve. It’s a really scary sound!	rugido						rugissement						Brüllen						rogit						ruggito												Curso::1C1::File_9 Curso::1C1::Vocabulary-Bank::Animal-Matters English Portugues::1VOC Voc::Animals Voc::Animals::EN Voc::Animals::PT
rugido		rugido	o rugido	u ʁuˈʒidu	u ʁuˈʒidu	sm	Som alto e feroz de animais, especialmente leões.		roar	ˈɹɔr	ˈrɔː	v	What sound does the crowd make in a stadium?	We heard a lion roar in the reserve. It’s a really scary sound!	rugido						rugissement						Brüllen						rogit						ruggito												Curso::1C1::File_9 Curso::1C1::Vocabulary-Bank::Animal-Matters English Portugues::1VOC Voc::Animals Voc::Animals::EN Voc::Animals::PT
silvático		silvático	o silvático	u siɫˈvatiku	u siwˈvatʃiku	sm	Relativo a florestas ou selvas.		sylvatic	sɪlˈvætɪk	sɪlˈvætɪk	adj	Occurring in or affecting wild animals; sylvatic diseases.		silvático						sylvatique						wild						forestal						selvatico												English Voc::Animals Voc::Animals::EN Voc::Animals::PT Voc::Crazy_Difficult Voc::Nature
tanque		tanque	o tanque	u ˈtɐ̃kɨ	u ˈtɐ̃ki	sm	Recipiente para água ou manutenção de peixes.		tank	ˈtʰæŋk	ˈtʰæŋk	n	A container for keeping fish or other aquatic creatures.	We bought a new fish tank . It’s really big and looks great.	tanque						bassin						Behälter						tanc						vasca												Curso::1C1::File_9 Curso::1C1::Vocabulary-Bank::Animal-Matters Voc::Animals Voc::Animals::EN Voc::Fish
um azarão		um azarão	um azarão	ˈũ ɐzɐˈɾɐ̃w̃	ˈũ azaˈɾɐ̃w̃	exp	Cavalo subestimado, mas com potencial vencedor.		a dark horse	ə ˈdɑrk ˈhɔrs	ə ˈdɑːk ˈhɔːs	exp	A person who keeps their abilities or intentions hidden.	I think James was married before, but I’m not sure. He’s a bit of a dark horse .	un tapado						un outsider						ein Außenseiter						un desconegut						un outsider												Curso::1C1::File_9 Curso::1C1::Vocabulary-Bank::Animal-Matters Voc::Animals Voc::Animals::EN
veado	<img src="_buck_deer.JPG">	veado	o veado	u viˈadu	u viˈadu	sm	Mamífero ruminante com chifres ramificados.		buck	ˈbək	ˈbʌk	n	A male deer. With "B"		ciervo						mâle						Rehbock						daina						cervo												English My-Choice::FanFics::Lost-in-the-Cosmos-Lonely My-Choice::FanFics::Titan-Eren Voc::Animals Voc::Animals::EN Voc::Animals::PT Voc::AOT Voc::Deer Voc::My_Choice
viver na natureza		viver na natureza	viver na natureza	viˈveɾ ˈna nɐtuˈɾɛzɐ	viˈveʁ ˈna natuˈɾɛzɐ	exp	Viver em seu habitat natural, sem cativeiro.		live in the wild	ˈlɪv ˈɪn ðə ˈwaɪəld	ˈlɪv ɪn ðə ˈwaɪld	exp	Describes animals that live in their natural habitat without human interference.	There is a national park nearby where animals live in the wild .	vivir en libertad						vivre dans la nature						in freier Wildbahn leben						viure en llibertat						vivere allo stato brado												Curso::1C1::File_9 Curso::1C1::Vocabulary-Bank::Animal-Matters Voc::Animals Voc::Animals::EN
rugido		rugido	o rugido	u ʁuˈʒidu	u ʁuˈʒidu	sm	Som forte e profundo emitido por um animal, especialmente um leão.		roar	ˈɹɔr	ˈrɔː	n	Loud, deep sound made by a wild animal, especially a lion.	We could hear the roar of the crowd in the football stadium.	clamor																																				Curso::1C1::File_4 Curso::1C1::Vocabulary-Bank::Sounds_and_Human_Voice English Portugues::1VOC Voc::Animals Voc::Animals::EN Voc::Animals::PT Voc::Sound Voc::Sounds
crias de baleia		crias de baleia	as crias de baleia	ɐʃ ˈkɾiɐʒ dɨ bɐˈlɐjɐ	aʃ ˈkɾias dʒi baˈlejɐ	sf	Filhotes de baleia, geralmente amamentados pela mãe.		whale calves	ˈweɪl ˈkʰævz	ˈweɪl ˈkʰɑːvz	n	Young whales, offspring of adult whales.								veau						Kalb						vedell						vitello												Curso::1C1::File_9 Curso::1C1::Vocabulary-Bank::Animal-Matters English Portugues::1VOC Voc::Animals Voc::Animals::Baby_Animals Voc::Animals::EN Voc::Animals::PT Voc::Cows Voc::Farm_Animals
crias de elefante		crias de elefante	as crias de elefante	ɐʃ ˈkɾiɐʒ dɨ ilɨˈfɐ̃tɨ	aʃ ˈkɾias dʒi ileˈfɐ̃tʃi	sf	Filhotes de elefante, que dependem da mãe para alimentação e proteção.		elephant calves	ˈɛləfənt ˈkʰævz	ˈelɪfənt ˈkʰɑːvz	n	Young elephants, offspring of adult elephants.								veau						Kalb						vedell						vitello												Curso::1C1::File_9 Curso::1C1::Vocabulary-Bank::Animal-Matters English Portugues::1VOC Voc::Animals Voc::Animals::Baby_Animals Voc::Animals::EN Voc::Animals::PT Voc::Cows Voc::Farm_Animals
bezerros		bezerros	os bezerros	uʒ bɨˈzɛʁuʃ	uʒ beˈzɛʁus	sm	Filhotes de vaca, geralmente criados para produção de leite ou carne.		cow calves	ˈkʰaʊ ˈkʰævz	ˈkʰaʊ ˈkʰɑːvz	n	Young cows, offspring of adult cows.								veau						Kalb						vedell						vitello												Curso::1C1::File_9 Curso::1C1::Vocabulary-Bank::Animal-Matters English Portugues::1VOC Voc::Animals Voc::Animals::Baby_Animals Voc::Animals::EN Voc::Animals::PT Voc::Cows Voc::Farm_Animals
cria de raposa		cria de raposa	a cria de raposa	ɐ ˈkɾiɐ dɨ ʁɐˈpɔzɐ	a ˈkɾiɐ dʒi ʁaˈpɔzɐ	sf	Filhote de raposa, geralmente nascido em tocas subterrâneas.		kit (foxes)	ˈkʰɪt | ˈfɑksəz |	ˈkʰɪt | ˈfɒksɪz |	n	A young fox, especially before it matures.								veau						Kalb						vedell						vitello												Curso::1C1::File_9 Curso::1C1::Vocabulary-Bank::Animal-Matters English Portugues::1VOC Voc::Animals Voc::Animals::Baby_Animals Voc::Animals::EN Voc::Animals::PT Voc::Cows Voc::Farm_Animals