magpie (bird)		pega-rabuda	a pega-rabuda	ɐ pɨɡɐɾɐˈbudɐ	a peɡaɾaˈbudɐ	sf	Ave de penas pretas e brancas, conhecida pela sua inteligência e habilidade em imitar sons.		magpie	ˈmæɡˌpaɪ	ˈmæɡpaɪ	n	A black-and-white bird known for its intelligence and attraction to shiny objects.		urraca						pie bavarde						Elster						garsa						gazza												Curso::2A2::U5-Eu-Ja-Tinha-Visto::Falar-Obras-Filmes::Pokot English English::Hard_to_Pronounce Voc::My_Choice
raposa	<img src="_en_fox.JPG">	raposa	a raposa	ɐ ʁɐˈpɔzɐ	a ʁaˈpɔzɐ	sf	Comportamento ou movimento de um ser vivo.		fox	ˈfɑks	ˈfɒks	n	A cunning and adaptable carnivorous mammal with a bushy tail.		zorro						renard						Fuchs						guineu						volpe												Curso::2A2::U5-Eu-Ja-Tinha-Visto::Falar-Obras-Filmes::Pokot Portugues::1VOC Portugues::1VOC::Animais Voc::Animals Voc::Animals::Portugues
armadilha, armadilhas (gral)		armadilha, armadilhas	a armadilha, as armadilhas	ɐ ɐɾmɐˈdiʎɐ | ɐz ɐɾmɐˈdiʎɐʃ	a aʁmaˈdʒiʎɐ | az aʁmaˈdʒiʎas	sf	Dispositivo usado para capturar ou enganar alguém ou algo.		trap	ˈtɹæp	ˈtræp	n	A device or strategy designed to catch or trick someone or something.		trampa						piège						Falle						trampa						trappola												Curso::2A2 Curso::2A2::U5-Eu-Ja-Tinha-Visto::Falar-Obras-Filmes::Pokot Portugues::1VOC
cão, cães	<img src="_en_dog.JPG">	cão, cães	o cão, os cães	u ˈkɐ̃w̃ | uʃ ˈkɐ̃j̃ʃ	u ˈkɐ̃w̃ | uʃ ˈkɐ̃j̃s	sm	Mamífero domesticado, conhecido como o melhor amigo do homem.		dog	ˈdɔɡ	ˈdɒɡ	n	A domesticated carnivorous mammal, loyal and often kept as a pet.		perro						chien						Hund						gos						cane												Curso::2A2::U5-Eu-Ja-Tinha-Visto::Falar-Obras-Filmes::Pokot Portugues::1VOC Portugues::1VOC::Animais Voc::Animals Voc::Animals::Basic Voc::Animals::Portugues
cadela	<img src="_cadela.JPG">	cadela	a cadela	ɐ kɐˈdɛlɐ	a kaˈdɛlɐ	sf	Fêmea do cão.		bitch	ˈbɪtʃ	ˈbɪtʃ	n	A female dog.		perra						chienne						Hündin						gosseta, gossa						cagna												Curso::2A2::U5-Eu-Ja-Tinha-Visto::Falar-Obras-Filmes::Pokot Portugues::1VOC Portugues::1VOC::Animais Voc::Animals Voc::Animals::Basic Voc::Animals::Portugues
drama (char film genre)		drama (char film genre)	o drama	u ˈdɾɐmɐ	u ˈdɾɐmɐ	sm	Género cinematográfico ou literário que retrata conflitos humanos de forma emocional e intensa.		drama	ˈdɹɑmə	ˈdrɑːmə	n	A genre emphasizing emotional and character-driven storytelling. Example: "Forrest Gump".																																						Curso::2A2::U5-Eu-Ja-Tinha-Visto::Falar-Obras-Filmes::Pokot English Voc::Chamba Voc::Chamba::Film::Film_Genres Voc::Film Voc::Film_Genres
veado	<img src="_en_deer.JPG">	veado	o veado	u viˈadu	u viˈadu	sm	Mamífero ruminante com chifres ramificados.		deer	ˈdɪr	ˈdɪə	n	A herbivorous mammal with antlers, often found in forests.		ciervo						cerf						Hirsch						cabirol						cervo												Curso::2A2::U5-Eu-Ja-Tinha-Visto::Falar-Obras-Filmes::Pokot Portugues::1VOC Portugues::1VOC::Animais Voc::Animals Voc::Animals::Portugues
vítima	<img src="_63_Murderer_Police_Victim_Crime.JPG">	vítima	a vítima	ɐ ˈvitimɐ	a ˈvitʃimɐ	sf	Pessoa que sofre dano, crime ou tragédia.		victim	ˈvɪktəm	ˈvɪktɪm	n	A person harmed, injured, or affected by an event or action.		víctima						victime						Opfer						víctima						vittima												Curso::2A2::U5-Eu-Ja-Tinha-Visto::Falar-Obras-Filmes Curso::2A2::U5-Eu-Ja-Tinha-Visto::Falar-Obras-Filmes::Pokot My_Mess::Multi Portugues::1VOC Portugues::Ortografia Voc::Crime
realizador, a (cinema)	<img src="_diretora_de_cinema.JPG"><img src="_realizador.JPG">	realizador, realizadora (de cinema, de televisão)	o realizador, a realizadora	u ʁiɐlizɐˈdoɾ | ɐ ʁiɐlizɐˈdɔɾɐ	u ʁializaˈdoʁ | a ʁializaˈdɔɾɐ	sm / sf	Dirige os atores num filme (em Portugal)		film director	ˈfɪlm də˞ˈɹɛktə˞	ˈfɪlm daɪˈrektə	n	A person responsible for the artistic and technical aspects of a film.		director, directora de cine						réalisateur, réalisatrice						Regisseur, Regisseurin						director, directora de cinema						regista												Curso::1A2 Curso::2A2::U5-Eu-Ja-Tinha-Visto::Falar-Obras-Filmes Curso::2A2::U5-Eu-Ja-Tinha-Visto::Falar-Obras-Filmes::Pokot My_Mess::Multi Portugues::1VOC Portugues::1VOC::Trabalho::Profissoes Portugues::Falso_Amigo Voc::Film Voc::Work_n_Career Voc::Work_n_Career::Profession
teoria		teoria	a teoria	ɐ tiuˈɾiɐ	a tʃioˈɾiɐ	sf	Conjunto de princípios ou ideias que explicam um fenómeno.		theory (n)	ˈθiə˞ɹi | ˈɛn |	ˈθɪəri | ˈen |	n	A system of ideas intended to explain something.		teoría						théorie						Theorie						teoria						teoria												Curso::2A2::U5-Eu-Ja-Tinha-Visto::Falar-Obras-Filmes::Pokot English English::Hard_to_Pronounce Voc::My_Choice
pato		pato	o pato	u ˈpatu	u ˈpatu	sm	Ave aquática conhecida por seu andar cambaleante e grasnado.		duck	ˈdək	ˈdʌk	n	A waterfowl with webbed feet and a broad, flat bill.		pato						canard						Ente						ànec						anatra												Curso::1A2 Curso::2A2::U5-Eu-Ja-Tinha-Visto::Falar-Obras-Filmes::Pokot Portugues::1VOC Portugues::1VOC::Alimentos Portugues::1VOC::Alimentos::Carne::Aves Portugues::1VOC::Animais Voc::Animals Voc::Animals::Basic Voc::Animals::Portugues Voc::Food Voc::Food::Animal Voc::Food::Meat Voc::Food::Poultry
javali, javalis	<img src="_javali.JPG">	javali	o javali	u ʒɐvɐˈli	u ʒavaˈli	sm	Porco selvagem com presas afiadas.		wild boar	ˈwaɪəld ˈbɔr	ˈwaɪld ˈbɔː	n	A wild pig known for its tusks and bristly hair.		jabalí						sanglier						Wildschwein						senglar						cinghiale												Curso::2A2::U5-Eu-Ja-Tinha-Visto::Falar-Obras-Filmes::Pokot Portugues::1VOC Portugues::1VOC::Animais Voc::Animals Voc::Animals::Basic Voc::Animals::Portugues
pinheiro (arvore)	<img src="_pine_tree.JPG">	Pinheiro	o pinheiro	u piˈɲɐjɾu	u piˈɲejɾu	sm	Árvore conífera de folhas perenes e aciculadas, comum em climas temperados e frios.		Pine tree	ˈpʰaɪn ˈtɹi	ˈpʰaɪn ˈtriː	n	An evergreen tree with needle-like leaves and cones.		Pino						Pin						Sapin						Kiefer						Pi												Curso::2A2::U5-Eu-Ja-Tinha-Visto::Falar-Obras-Filmes::Pokot Curso::2A2::vocabulario_em_clase Portugues::1VOC Portugues::1VOC::Arvores Voc::Trees
fofoca, fofoquero,a	<img src="Levi sees Hange No Glasses - 09.jpg">	fofoca, fofoquero, fofoquera	a fofoca	ɐ fuˈfɔkɐ	a foˈfɔkɐ	sf	Conversas ou rumores sobre a vida alheia, muitas vezes sem fundamento.		gossip	ˈɡɑsəp	ˈɡɒsɪp	n	Conversations or rumors about other people&amp;#x27;s lives, often unfounded.		chisme						ragots						Klatsch						xafarderia						pettegolezzo												Curso::2A2 Curso::2A2::U5-Eu-Ja-Tinha-Visto::Falar-Obras-Filmes::Pokot Curso::2A2::vocabulario_em_clase Portugues::1VOC Portugues::1VOC::Pessoas::Relações_entre_as_pessoas Voc::People::Relationships
remoto, remota		remoto, remota	remoto, remota	ʁɨˈmɔtu | ʁɨˈmɔtɐ	ʁeˈmɔtu | ʁeˈmɔtɐ	adjetivo	Distante no espaço ou no tempo.		remote	ɹɪˈmoʊt	rɪˈməʊt	adj	Far from populated areas; isolated.	The temple was really remote . We had to walk for four hours to get there.	remoto																																				Curso::1C1::File_8 Curso::1C1::Vocabulary_Bank::Travel_and_Tourism Curso::2A2::U5-Eu-Ja-Tinha-Visto::Falar-Obras-Filmes::Pokot English Portugues::1VOC Voc::Travel
drama (film genre)		drama (film genre)	o drama	u ˈdɾɐmɐ	u ˈdɾɐmɐ	sm	Género cinematográfico ou literário que retrata conflitos humanos de forma emocional e intensa.		drama	ˈdɹɑmə	ˈdrɑːmə	n	Film genre focused on realistic storytelling, often dealing with emotional themes. Example: *The Shawshank Redemption*.																																						Curso::2A2::U5-Eu-Ja-Tinha-Visto::Falar-Obras-Filmes::Pokot English Voc::Chamba Voc::Chamba::Film::Film_Genres Voc::Film Voc::Film_Genres
mystery film (film genre)		mystery film (film genre)	o filme de mistério	u ˈfiɫmɨ dɨ miˈʃtɛɾiu	u ˈfiwmi dʒi misˈtɛɾiu	sm	Filme que envolve investigação, enigmas e suspense.		mystery film	ˈmɪstə˞ɹi ˈfɪlm	ˈmɪstᵊri ˈfɪlm	n	Films focused on solving a crime or uncovering a secret. Example: *The Girl with the Dragon Tattoo*.																																						Curso::2A2::U5-Eu-Ja-Tinha-Visto::Falar-Obras-Filmes::Pokot English Voc::Chamba Voc::Chamba::Film::Film_Genres Voc::Film Voc::Film_Genres
mystery (film genre)		mystery (film genre)	o mistério	u miˈʃtɛɾiu	u misˈtɛɾiu	sm	Género cinematográfico ou literário que envolve investigações e enigmas a serem resolvidos.		mystery	ˈmɪstə˞ɹi	ˈmɪstᵊri	n	Films that involve solving a puzzle or crime. Example: "Gone Girl".																																						Curso::2A2::U5-Eu-Ja-Tinha-Visto::Falar-Obras-Filmes::Pokot English Voc::Chamba Voc::Chamba::Film::Film_Genres Voc::Film Voc::Film_Genres
intriguing (adj)		intrigante	intrigante	ĩtɾiˈɡɐ̃tɨ	ĩtɾiˈɡɐ̃tʃi	adj m/f	Que desperta curiosidade ou mistério; misterioso.		intriguing	ɪnˈtɹiɡɪŋ	ɪnˈtriːɡɪŋ	adj	Interesting because it is unusual or mysterious.	The plot was intriguing, I really couldn&#x27;t predict how it would end.	intrigante						intrigant						fesselnd						intrigant						intrigante												Curso::1C1 Curso::2A2::U5-Eu-Ja-Tinha-Visto::Falar-Obras-Filmes::Pokot Portugues::Adjetivos Voc::Film
thought-provoking (film)		estimulante	estimulante	ʃtimuˈlɐ̃tɨ	istʃimuˈlɐ̃tʃi	adj m/f	Que incentiva, motiva ou estimula.		thought-provoking	ˈθɔtpɹəˈvoʊkɪŋ	ˈθɔːtprəˈvəʊkɪŋ	adj	Making you think deeply about a subject or issue.	A thought-provoking documentary that raised many interesting questions.	que da qué pensar						stimulant						zum Nachdenken anregend						que fa pensar						stimolante												Curso::1C1 Curso::1C1::File_4 Curso::1C1::Vocabulary_Bank::Books_and_Films Curso::2A2::U5-Eu-Ja-Tinha-Visto::Falar-Obras-Filmes::Pokot English Voc::Film
vizinho, vizinha	<img src="_vizinhos_neighbors_vecinos_rec.jpg">	vizinho, vizinha	o vizinho, a vizinha	u viˈziɲu | ɐ viˈziɲɐ	u viˈziɲu | a viˈziɲɐ	smp	Pessoas que vivem próximas, geralmente no mesmo bairro ou prédio.		neighbors	ˈneɪbə˞z	ˈneɪbəz	np	People living near one another.		vecinos						voisins						Nachbarn						veïns						vicini												Curso::1A2 Curso::2A2::U5-Eu-Ja-Tinha-Visto::Falar-Obras-Filmes::Pokot Portugues::1VOC Portugues::1VOC::Casa Portugues::1VOC::Cidade Portugues::1VOC::Pessoas::Relações_entre_as_pessoas Voc::House
indicado para (está indicado para o Oscar)	<img src="_ainda_estou_aqui_indicado.JPG">	indicado para	indicado para	ĩdiˈkadu pɐɾɐ	ĩdʒiˈkadu paɾɐ	exp	Que foi selecionado ou recomendado para algo.	<b></b> <i>Ainda estou aqui</i> é o primeiro filme em português indicado ao prêmio máximo do Oscar.	nominated for	ˈnɑməˌneɪtəd ˈfɔr	ˈnɒmɪˌneɪtɪd ˈfɔː	adj	Selected or recommended for something.		indicado para						nommé pour						nominiert für						nominat per						indicato per												Curso::2A2::U5-Eu-Ja-Tinha-Visto Curso::2A2::U5-Eu-Ja-Tinha-Visto::Falar-Obras-Filmes Curso::2A2::U5-Eu-Ja-Tinha-Visto::Falar-Obras-Filmes::Pokot Curso::2A2::vocabulario_em_clase Portugues::1VOC
adaptação cinematográfica		adaptação cinematográfica	a adaptação cinematográfica	ɐ ɐdɐptɐˈsɐ̃w̃ sinɨmɐtuˈɡɾafikɐ	a adaptaˈsɐ̃w̃ sinematoˈɡɾafikɐ	sf	A transposição de uma obra literária para o cinema.		film adaptation	ˈfɪlm ˌæˌdæpˈtʰeɪʃən	ˈfɪlm ˌædəpˈtʰeɪʃᵊn	n	The conversion of a book or other source material into a movie.		adaptación cinematográfica						adaptation cinématographique						Filmadaption						adaptació cinematogràfica						adattamento cinematografico												Curso::1C1 Curso::2A2::U5-Eu-Ja-Tinha-Visto::Falar-Obras-Filmes::Pokot Voc::Film
produção, produções (de Hollywood)		produção, produções (de Hollywood)	a produção, as produções	ɐ pɾuduˈsɐ̃w̃ | ɐʃ pɾuduˈsõj̃ʃ	a pɾoduˈsɐ̃w̃ | aʃ pɾoduˈsõj̃s	sf	Criação de filmes, peças ou eventos. Com "P"		production	pɹəˈdəkʃən	prəˈdʌkʃᵊn	n	The creation of films, plays, or events.		producción						production						Produktion						producció						produzione												Curso::2A2::U5-Eu-Ja-Tinha-Visto Curso::2A2::U5-Eu-Ja-Tinha-Visto::Falar-Obras-Filmes Curso::2A2::U5-Eu-Ja-Tinha-Visto::Falar-Obras-Filmes::Pokot Curso::2A2::vocabulario_em_clase Portugues::1VOC
environment		meio ambiente	o meio ambiente	u ˈmɐju ɐ̃biˈẽtɨ	u ˈmeju ɐ̃biˈẽtʃi	sm	Conjunto de condições naturais que rodeiam um ser vivo.		environment	ɪnˈvaɪɹənmənt	ɪnˈvaɪrənmənt	n	The natural world or conditions in which animals live.	It is important to respect natural animal environments.	medio ambiente						environment						Umwelt						medi ambient						ambiente												Curso::1C1::File_9 Curso::1C1::Vocabulary_Bank::Animal_Matters Curso::2A2::U5-Eu-Ja-Tinha-Visto::Falar-Obras-Filmes::Pokot English Portugues::1VOC Voc::Animals Voc::Animals::PT
roteiro		roteiro	o roteiro	u ʁuˈtɐjɾu	u ʁoˈtejɾu	sm	O texto que descreve as cenas de um filme; guião.		screenplay	ˈskɹinˌpleɪ	ˈskriːnpleɪ	n	The written script of a film, including dialogue and instructions for actors and crew.		guion						scénario						Drehbuch						guió						sceneggiatura												Curso::1C1 Curso::2A2::U5-Eu-Ja-Tinha-Visto::Falar-Obras-Filmes::Pokot Voc::Film
perturbador, perturbadora (adj)		perturbador, perturbadora	perturbador, perturbadora	pɨɾtuɾbɐˈdoɾ | pɨɾtuɾbɐˈdɔɾɐ	peʁtuʁbaˈdoʁ | peʁtuʁbaˈdɔɾɐ	adj m	Que causa perturbação ou inquietação; inquietante. Algo que causa inquietação ou desconforto.		haunting (adj)	ˈhɔntɪŋ | #adj# |	ˈhɔːntɪŋ | #adj# |	adj	Unforgettable and deeply evocative, often producing an emotional or eerie impression.	A haunting film which stayed with me long after I left the cinema.	inquietante						hanté						spukhaft						esgarrifós						ossessionante												Curso::1C1 Curso::2A2::U5-Eu-Ja-Tinha-Visto::Falar-Obras-Filmes::Pokot Voc::Film
sangue	<img src="_deitar_sangue.JPG">	sangue	o sangue	u ˈsɐ̃ɡɨ	u ˈsɐ̃ɡi	sm	Líquido vital que circula pelo corpo.		blood	ˈbləd	ˈblʌd	n	Vital liquid that circulates through the body.																																						Curso::2A2::U5-Eu-Ja-Tinha-Visto::Falar-Obras-Filmes::Pokot Portugues::1VOC Portugues::1VOC::Corpo Portugues::1VOC::DONE::Cancao::Mulher-Batida Voc::Blood Voc::Body_Fluids Voc::My_Choice
chefe		chefe	o chefe	u ˈʃɛfɨ	u ˈʃɛfi	sm	Pessoa responsável por coordenar e supervisionar um grupo de trabalho ou uma organização.		chief	ˈtʃif	ˈtʃiːf	n	Person responsible for coordinating and supervising a work group or organization.		jefe						chef						Chef						cap						capo												Curso::2A2 Curso::2A2::U5-Eu-Ja-Tinha-Visto::Falar-Obras-Filmes::Pokot Portugues::1VOC Portugues::1VOC::Trabalho Portugues::1VOC::Trabalho::Profissoes Portugues::Falso_Amigo Voc::Work_n_Career::Profession
moeda (dinheiro)		moeda	a moeda	ɐ muˈɛdɐ	a moˈɛdɐ	sf	Pedaço de metal usado como dinheiro.		coin	ˈkʰɔɪn	ˈkʰɔɪn	n	Piece of metal used as money.		moneda						pièce de monnaie						Münze						moneda						moneta												Curso::2A2 Curso::2A2::U5-Eu-Ja-Tinha-Visto::Falar-Obras-Filmes::Pokot Portugues::1VOC Portugues::Livros::2A2-Cinco-minutos Voc::Every_day_objects Voc::Money
escuro, escura	<img src="Levi in the Underground - In the dark.jpg">	escuro, escura	o escuro	u ˈʃkuɾu	u isˈkuɾu	sm	Lugar ou estado sem luz.		dark	ˈdɑrk	ˈdɑːk	n, adj	Place or state without light.		oscuro						sombre						dunkel						fosc						scuro												arreglar Curso::2A2 Curso::2A2::U5-Eu-Ja-Tinha-Visto::Falar-Obras-Filmes::Pokot Portugues::1VOC Portugues::1VOC::DONE::Cancao::No-Teu-Poema Portugues::Livros::2A2-Cinco-minutos Voc::Dark
floresta		floresta	a floresta	ɐ fluˈɾɛʃtɐ	a floˈɾɛstɐ	sf	Grande área de terra coberta de árvores densas e vegetação variada.		forest	ˈfɔrəst	ˈfɒrɪst	n	Large area of land covered with dense trees and varied vegetation.		bosque						forêt						Wald						bosc						foresta												Curso::2A2 Curso::2A2::U2-Olha-Esta-Noticia::Meio_Ambiente Curso::2A2::U5-Eu-Ja-Tinha-Visto::Falar-Obras-Filmes::Pokot Curso::2A2::U5-Eu-Ja-Tinha-Visto::Festival-Flores-Madeira Portugues::1VOC Voc::Environment Voc::Geo Voc::Geo::Basic Voc::Geo::habitats
romance		romance	o romance	u ʁuˈmɐ̃sɨ	u ʁoˈmɐ̃si	sm	Narrativa longa de ficção; relação amorosa.		novel	ˈnɑvəl	ˈnɒvᵊl	n	Long fictional narrative; romantic relationship.		novela						roman						roman						novela						romanzo												Curso::2A2 Curso::2A2::U5-Eu-Ja-Tinha-Visto::Falar-Obras-Filmes::Pokot Portugues::1VOC Portugues::Falso_Amigo Portugues::Livros::2A2-Cinco-minutos Voc::Books
cenografia		cenografia	a cenografia	ɐ sɨnuɡɾɐˈfiɐ	a senoɡɾaˈfiɐ	sf	Arte ou técnica para criar cenários cinematográficos ou para espectáculos.		scenography	siˈnɑɡɹəfi	siːˈnɒɡrəfi	n	Art or technique for creating cinematic or stage settings.		cenografía						scénographie						Szenografie						escenografia						scenografia												Curso::2A2 Curso::2A2::U5-Eu-Ja-Tinha-Visto::Falar-Obras-Filmes::Pokot Portugues::1VOC Portugues::1VOC::Trabalho Portugues::1VOC::Trabalho::Profissoes Portugues::Falso_Amigo Voc::Work_n_Career Voc::Work_n_Career::Profession
neve	<img src="_29_Walk_Dog_Snow_December_.JPG">	neve	a neve	ɐ ˈnɛvɨ	a ˈnɛvi	sf	Precipitação de cristais de gelo; característica do inverno em muitas regiões.		snow	ˈsnoʊ	ˈsnəʊ	n	Precipitation of ice crystals; characteristic of winter in many regions.		nieve						neige						Schnee						neu						neve												Curso::2A2 Curso::2A2::U4-Nao-Tinhamos-Redes-Sociais::Lendas Curso::2A2::U5-Eu-Ja-Tinha-Visto::Falar-Obras-Filmes::Pokot Lugares::Portugal Portugues::1VOC Portugues::1VOC::Festas::Natal Voc::Christmas Voc::Climate Voc::Climate::Storms Voc::Geo Voc::Water
comissário (profissoes)	<img src="_comissario_europeio.JPG"><img src="_comissario_Scotland_Yard.JPG">	comissário	o comissário	u kumiˈsaɾiu	u komiˈsaɾiu	sm	Responsável por uma missão específica ou por um setor dentro de uma organização.		steward	ˈstuə˞d	ˈstjuːəd	n	Person responsible for a specific mission or sector within an organization.		notario						commissaire						Kommissar						comissari						commissario												Curso::2A2::U1-Porque-Estudas-Portugues Curso::2A2::U5-Eu-Ja-Tinha-Visto::Falar-Obras-Filmes::Pokot Portugues::1VOC Portugues::1VOC::Cancao::Supertrabalhador Portugues::1VOC::Profissoes::Supertrabalhador Portugues::1VOC::Trabalho Portugues::1VOC::Trabalho::Profissoes Voc::Police Voc::Work_n_Career::Profession
pesquisar (gral)		pesquisar	pesquisar	pɨskiˈzaɾ	peskiˈzaʁ	v	Investigar ou procurar informações sobre algo.		to research	tə ˈɹiˌsɜ˞tʃ	tə rɪˈsɜːtʃ	v	To investigate or seek information about something.		investigar						rechercher						erforschen						investigar						ricercare												Curso::2A2 Curso::2A2::U5-Eu-Ja-Tinha-Visto::Falar-Obras-Filmes::Pokot Portugues::1VOC Portugues::Falso_Amigo Voc::School
tradutor, a		tradutor, tradutora	o tradutor, a tradutora	u tɾɐduˈtoɾ | ɐ tɾɐduˈtɔɾɐ	u tɾaduˈtoʁ | a tɾaduˈtɔɾɐ	sm / sf	A pessoa que traduz textos ou discursos de um idioma para outro.		translator	tɹænsˈleɪtə˞	trænsˈleɪtə	n	Person who translates texts or speeches from one language to another.		traductor, traductora						traducteur, traductrice						Übersetzer						traductor, traductora						traduttore, traduttrice												Curso::1A2 Curso::2A2::U5-Eu-Ja-Tinha-Visto::Falar-Obras-Filmes::Pokot Portugues::1VOC Portugues::1VOC::Trabalho::Profissoes Voc::Work_n_Career Voc::Work_n_Career::Profession
condenado, condenada (Pokot)		condenado, condenada	o condenado, a condenada (a cumprir pena)	u kõdɨˈnadu | ɐ kõdɨˈnadɐ | ɐ kũˈpɾiɾ ˈpɛnɐ |	u kõdeˈnadu | a kõdeˈnadɐ | a kũˈpɾiʁ ˈpɛnɐ |	sm	Pessoa que cumpre pena imposta pela justiça.		convicted	kənˈvɪktəd	kənˈvɪktɪd	n	Person serving a sentence imposed by the justice system.																																						Curso::2A2::U5-Eu-Ja-Tinha-Visto::Falar-Obras-Filmes::Pokot
adaptação, adaptações (gral)		adaptação, adaptações	a adaptação, as adaptações	ɐ ɐdɐptɐˈsɐ̃w̃ | ɐz ɐdɐptɐˈsõj̃ʃ	a adaptaˈsɐ̃w̃ | az adaptaˈsõj̃s	sf	Processo de ajustar ou modificar algo para um novo propósito.		adaptation	ˌæˌdæpˈtʰeɪʃən	ˌædəpˈtʰeɪʃᵊn	n	Process of adjusting or modifying something for a new purpose.																																						Curso::2A2::U5-Eu-Ja-Tinha-Visto::Falar-Obras-Filmes::Pokot
alcoólico, alcoólica  / alcoolismo (Pokot)		alcoólico, alcoólica  / alcoolismo	o alcoólico, a alcoólica  / o alcoolismo	u aɫkuˈɔliku | ɐ aɫkuˈɔlikɐ | u aɫkuuˈliʒmu	u awkoˈɔliku | a awkoˈɔlikɐ | u awkooˈliʒmu	sm	Condição associada ao consumo excessivo de álcool.		alcoholic/alcoholism	#alcoholic/alcoholism#	#alcoholic/alcoholism#	n	Condition associated with excessive alcohol consumption.																																						Curso::2A2::U5-Eu-Ja-Tinha-Visto::Falar-Obras-Filmes::Pokot
animais selvagens (Pokot)		animais selvagens	os animais selvagens	uz ɐniˈmajʃ sɛɫˈvaʒẽʃ	uz ɐniˈmajs sɛwˈvaʒẽs	smp	Animais que vivem livremente na natureza.		wild animals	ˈwaɪəld ˈænəməlz	ˈwaɪld ˈænɪməlz	n	Animals that live freely in nature.																																						Curso::2A2::U5-Eu-Ja-Tinha-Visto::Falar-Obras-Filmes::Pokot
armadilhas (Pokot)		armadilhas	as armadilhas	ɐz ɐɾmɐˈdiʎɐʃ	az aʁmaˈdʒiʎas	sf	Dispositivos usados para capturar ou matar animais.		traps	ˈtɹæps	ˈtræps	n	Devices used to capture or kill animals.																																						Curso::2A2::U5-Eu-Ja-Tinha-Visto::Falar-Obras-Filmes::Pokot
assassinato (Pokot)		assassinato	o assassinato	u ɐsɐsiˈnatu	u asasiˈnatu	sm	Ato de matar intencionalmente outra pessoa.		murder	ˈmɜ˞də˞	ˈmɜːdə	n	Act of intentionally killing another person.																																						Curso::2A2::U5-Eu-Ja-Tinha-Visto::Falar-Obras-Filmes::Pokot
astrologia (Pokot)		astrologia	a astrologia	ɐ ɐʃtɾuluˈʒiɐ	a astɾoloˈʒiɐ	sf	Crença que os astros influenciam a vida humana.		astrology	əˈstɹɑlədʒi	əˈstrɒlədʒi	n	Belief that celestial bodies influence human life.																																						Curso::2A2::U5-Eu-Ja-Tinha-Visto::Falar-Obras-Filmes::Pokot
astrólogo / astróloga (Pokot)		astrólogo / astróloga	o astrólogo / a astróloga	u ɐʃˈtɾɔluɡu | ɐ ɐʃˈtɾɔluɡɐ	u asˈtɾɔluɡu | a asˈtɾɔluɡɐ	sm/sf	Pessoa que pratica astrologia.		astrologer	əˈstɹɑlədʒə˞	əˈstrɒlədʒə	n	Person who practices astrology.																																						Curso::2A2::U5-Eu-Ja-Tinha-Visto::Falar-Obras-Filmes::Pokot
filme atmosférico (Pokot)		filme atmosférico	o filme atmosférico	u ˈfiɫmɨ ɐtmuˈʃfɛɾiku	u ˈfiwmi atmosˈfɛɾiku	sm	Filme com forte atmosfera emocional e visual.		atmospheric film	ˌætməˈsfɪrɪk ˈfɪlm	ˌætməsˈferɪk ˈfɪlm	n	Film with strong emotional and visual atmosphere.																																						Curso::2A2::U5-Eu-Ja-Tinha-Visto::Falar-Obras-Filmes::Pokot
escaravelhos, besouros (Pokot)		escaravelhos, besouros	os escaravelhos, os besouros	uʃ ʃkɐɾɐˈvɐʎuʃ | uʒ bɨˈzoɾuʃ	uz iskaɾaˈveʎus | uʒ beˈzoɾus	smp	Insetos com carapaça dura.		beetles	ˈbitl̩z	ˈbiːtᵊlz	n	Insects with hard exoskeletons.																																						Curso::2A2::U5-Eu-Ja-Tinha-Visto::Falar-Obras-Filmes::Pokot
pedra de sílex / sílex (Pokot)		pedra de sílex / sílex	a pedra de sílex / o sílex	ɐ ˈpɛdɾɐ dɨ ˈsilɨks | u ˈsilɨks	a ˈpɛdɾɐ dʒi ˈsileks | u ˈsileks	sf/sm	Rocha usada para iniciar fogo.		flint	ˈflɪnt	ˈflɪnt	n	Rock used to start fires.																																						Curso::2A2::U5-Eu-Ja-Tinha-Visto::Falar-Obras-Filmes::Pokot
fronteira (Pokot)		fronteira	a fronteira	ɐ fɾõˈtɐjɾɐ	a fɾõˈtejɾɐ	sf	Limite entre dois países ou territórios.		border	ˈbɔrdə˞	ˈbɔːdə	n	Boundary between two countries or territories.																																						Curso::2A2::U5-Eu-Ja-Tinha-Visto::Falar-Obras-Filmes::Pokot
abrigo / bunker (Pokot)		abrigo / bunker	o abrigo / o bunker	u ɐˈbɾiɡu | u bũˈeɾ	u aˈbɾiɡu | u bũˈeʁ	sm	Refúgio subterrâneo para proteção.		bunker	ˈbəŋkə˞	ˈbʌŋkə	n	Underground shelter for protection.																																						Curso::2A2::U5-Eu-Ja-Tinha-Visto::Falar-Obras-Filmes::Pokot
caçada (Pokot)		caçada	a caçada	ɐ kɐˈsadɐ	a kaˈsadɐ	sf	Ato de perseguir e capturar animais.		hunt	ˈhənt	ˈhʌnt	n	Act of pursuing and capturing animals.																																						Curso::2A2::U5-Eu-Ja-Tinha-Visto::Falar-Obras-Filmes::Pokot
caçador, caçadora (Pokot)		caçador, caçadora	o caçador, a caçadora	u kɐsɐˈdoɾ | ɐ kɐsɐˈdɔɾɐ	u kasaˈdoʁ | a kasaˈdɔɾɐ	sm	Pessoa que caça animais.		hunter	ˈhəntə˞	ˈhʌntə	n	Person who hunts animals.																																						Curso::2A2::U5-Eu-Ja-Tinha-Visto::Falar-Obras-Filmes::Pokot
caçador furtivo (Pokot)		caçador furtivo	o caçador furtivo	u kɐsɐˈdoɾ fuɾˈtivu	u kasaˈdoʁ fuʁˈtʃivu	sm	Pessoa que caça ilegalmente.		poacher	ˈpʰoʊtʃə˞	ˈpʰəʊtʃə	n	Person who hunts illegally.																																						Curso::2A2::U5-Eu-Ja-Tinha-Visto::Falar-Obras-Filmes::Pokot
mapas astrais / cartas astrais (Pokot)		mapas astrais / cartas astrais	os mapas astrais / as cartas astrais	uʒ ˈmapɐz ɐʃˈtɾajʃ | ɐʃ ˈkaɾtɐz ɐʃˈtɾajʃ	uʒ ˈmapas asˈtɾajs | aʃ ˈkaʁtas asˈtɾajs	smp	Documentos usados para interpretação astrológica.		natal chart/horoscope	ˈneɪtl̩ #chart/horoscope#	ˈneɪtᵊl #chart/horoscope#	n	Documents used for astrological interpretation.																																						Curso::2A2::U5-Eu-Ja-Tinha-Visto::Falar-Obras-Filmes::Pokot
categoria de melhor filme estrangeiro (Pokot)		categoria de melhor filme estrangeiro	a categoria de melhor filme estrangeiro	ɐ kɐtɨɡuˈɾiɐ dɨ mɨˈʎɔɾ ˈfiɫmɨ ʃtɾɐ̃ˈʒɐjɾu	a kateɡoˈɾiɐ dʒi meˈʎɔʁ ˈfiwmi istɾɐ̃ˈʒejɾu	sf	Prêmio dado a um filme estrangeiro.		best foreign film category	ˈbɛst ˈfɔrən ˈfɪlm ˈkʰætəˌɡɔri	ˈbest ˈfɒrən ˈfɪlm ˈkʰætəɡri	n	Award given to a foreign film.																																						Curso::2A2::U5-Eu-Ja-Tinha-Visto::Falar-Obras-Filmes::Pokot
asfixiar / estrangular / sufocar (Pokot)		asfixiar / estrangular / sufocar	asfixiar / estrangular / sufocar	ɐʃfiksiˈaɾ | ʃtɾɐ̃ɡuˈlaɾ | sufuˈkaɾ	asfiksiˈaʁ | istɾɐ̃ɡuˈlaʁ | sufoˈkaʁ	v	Impedir a respiração.		to choke/strangle/suffocate	tu #choke/strangle/suffocate#	tu #choke/strangle/suffocate#	v	To prevent breathing.																																						Curso::2A2::U5-Eu-Ja-Tinha-Visto::Falar-Obras-Filmes::Pokot
engenheiro civil, engenheira civil (Pokot)		engenheiro civil, engenheira civil	o engenheiro civil, a engenheira civil	u ẽʒɨˈɲɐjɾu siˈviɫ | ɐ ẽʒɨˈɲɐjɾɐ siˈviɫ	u ẽʒeˈɲejɾu siˈviw | a ẽʒeˈɲejɾɐ siˈviw	sm	Profissional responsável por projetos de construção.		civil engineer	ˈsɪvəl ˌɛndʒəˈnɪr	ˈsɪvᵊl ˌendʒɪˈnɪə	n	Professional responsible for construction projects.																																						Curso::2A2::U5-Eu-Ja-Tinha-Visto::Falar-Obras-Filmes::Pokot
carro clássico (Pokot)		carro clássico	o carro clássico	u ˈkaʁu ˈklasiku	u ˈkaʁu ˈklasiku	sm	Automóvel antigo e colecionável.		classic car	ˈklæsɪk ˈkʰɑr	ˈklæsɪk ˈkʰɑː	n	Old, collectible car.																																						Curso::2A2::U5-Eu-Ja-Tinha-Visto::Falar-Obras-Filmes::Pokot
competição (Pokot)		competição	a competição	ɐ kõpɨtiˈsɐ̃w̃	a kõpetʃiˈsɐ̃w̃	sf	Disputa ou concurso.		competition	ˌkɑmpəˈtʰɪʃən	ˌkɒmpəˈtʰɪʃᵊn	n	Contest or rivalry.																																						Curso::2A2::U5-Eu-Ja-Tinha-Visto::Falar-Obras-Filmes::Pokot
controverso (Pokot)		controverso	o controverso	u kõtɾuˈvɛɾsu	u kõtɾoˈvɛʁsu	adj	Que gera opiniões opostas ou polêmica.		controversial	ˌkɑntɹəˈvɜ˞ʃəl	ˌkɒntrəˈvɜːʃᵊl	adj	That generates opposing opinions or controversy.																																						Curso::2A2::U5-Eu-Ja-Tinha-Visto::Falar-Obras-Filmes::Pokot
crime (Pokot)		crime	o crime	u ˈkɾimɨ	u ˈkɾimi	sm	Ato ilegal punido pela lei.		crime	ˈkɹaɪm	ˈkraɪm	n	Illegal act punishable by law.																																						Curso::2A2::U5-Eu-Ja-Tinha-Visto::Falar-Obras-Filmes::Pokot
crítica social (Pokot)		crítica social	a crítica social	ɐ ˈkɾitikɐ susiˈaɫ	a ˈkɾitʃikɐ sosiˈaw	sf	Análise crítica da sociedade.		social criticism	ˈsoʊʃəl ˈkɹɪtəˌsɪzəm	ˈsəʊʃᵊl ˈkrɪtɪsɪzᵊm	n	Critical analysis of society.																																						Curso::2A2::U5-Eu-Ja-Tinha-Visto::Falar-Obras-Filmes::Pokot
checo / checa (Pokot)		checo / checa	o checo / a checa	u ˈʃɛku | ɐ ˈʃɛkɐ	u ˈʃɛku | a ˈʃɛkɐ	sm/sf	Natural ou habitante da República Checa.		Czech	ˈtʃɛk	ˈtʃek	n/adj	Native or inhabitant of the Czech Republic.																																						Curso::2A2::U5-Eu-Ja-Tinha-Visto::Falar-Obras-Filmes::Pokot
República Checa (Pokot)		República Checa	a República Checa	ɐ ʁɨˈpublikɐ ˈʃɛkɐ	a ʁeˈpublikɐ ˈʃɛkɐ	sf	País da Europa Central.		Czech Republic	ˈtʃɛk ɹɪˈpʰəblɪk	ˈtʃek rɪˈpʰʌblɪk	n	Country in Central Europe.																																						Curso::2A2::U5-Eu-Ja-Tinha-Visto::Falar-Obras-Filmes::Pokot
defesa dos animais (Pokot)		defesa dos animais	a defesa dos animais	ɐ dɨˈfezɐ ˈdɔz ɐniˈmajʃ	a deˈfezɐ ˈdɔs ɐniˈmajs	sf	Ativismo em prol dos direitos dos animais.		animal welfare	ˈænəməl ˈwɛlˌfɛr	ˈænɪməl ˈwelfeə	n	Activism for animal rights.																																						Curso::2A2::U5-Eu-Ja-Tinha-Visto::Falar-Obras-Filmes::Pokot
denúncia (Pokot)		denúncia	a denúncia	ɐ dɨˈnũsiɐ	a deˈnũsiɐ	sf	Ato de relatar um crime ou injustiça.		denunciation	dɪˌnənsiˈeɪʃən	dɪˌnʌnsiˈeɪʃᵊn	n	Act of reporting a crime or injustice.																																						Curso::2A2::U5-Eu-Ja-Tinha-Visto::Falar-Obras-Filmes::Pokot
direção (Pokot)		direção	a direção	ɐ diɾɨˈsɐ̃w̃	a dʒiɾeˈsɐ̃w̃	sf	Função de orientar um projeto ou filme.		direction	də˞ˈɹɛkʃən	daɪˈrekʃᵊn	n	Function of guiding a project or film.																																						Curso::2A2::U5-Eu-Ja-Tinha-Visto::Falar-Obras-Filmes::Pokot
disfarce (Pokot)		disfarce	o disfarce	u diˈʃfaɾsɨ	u dʒisˈfaʁsi	sm	Vestuário ou adereço para ocultar a identidade.		disguise	dəˈskaɪz	dɪsˈɡaɪz	n	Attire to conceal identity.																																						Curso::2A2::U5-Eu-Ja-Tinha-Visto::Falar-Obras-Filmes::Pokot
corça (Pokot)		corça	a corça	ɐ ˈkɔɾsɐ	a ˈkɔʁsɐ	sf	Cervo pequeno e esguio.		roe deer	ˈɹoʊ ˈdɪr	ˈrəʊ ˈdɪə	n	Small, slender deer.																																						Curso::2A2::U5-Eu-Ja-Tinha-Visto::Falar-Obras-Filmes::Pokot
dinamite (Pokot)		dinamite	a dinamite	ɐ dinɐˈmitɨ	a dʒinɐˈmitʃi	sf	Explosivo usado para demolição.		dynamite	ˈdaɪnəˌmaɪt	ˈdaɪnəmaɪt	n	Explosive used for demolition.																																						Curso::2A2::U5-Eu-Ja-Tinha-Visto::Falar-Obras-Filmes::Pokot
emocionante (Pokot)		emocionante	o emocionante	u imusiuˈnɐ̃tɨ	u imosioˈnɐ̃tʃi	adj	Que causa emoção ou entusiasmo.		exciting	ɪkˈsaɪtɪŋ	ɪkˈsaɪtɪŋ	adj	That causes emotion or enthusiasm.																																						Curso::2A2::U5-Eu-Ja-Tinha-Visto::Falar-Obras-Filmes::Pokot
empresário (Pokot)		empresário	o empresário	u ẽpɾɨˈzaɾiu	u ẽpɾeˈzaɾiu	sm	Profissional que gere negócios.		businessman	ˈbɪznəsˌmæn	ˈbɪznɪsmən	n	Professional who manages businesses.																																						Curso::2A2::U5-Eu-Ja-Tinha-Visto::Falar-Obras-Filmes::Pokot
engasga-se com uma farpa de osso (Pokot)		engasga-se com uma farpa de osso	o engasga-se com uma farpa de osso	u ẽɡɐˈʒɡasɨ ˈkõ ˈumɐ ˈfaɾpɐ dɨ ˈɔsu	u ẽɡaʒˈɡasi ˈkõ ˈumɐ ˈfaʁpɐ dʒi ˈɔsu	exp	Ficar com um osso preso na garganta.		to choke on a bone splinter	tə ˈtʃoʊk ˈɔn ə ˈboʊn ˈsplɪntə˞	tə ˈtʃəʊk ɒn ə ˈbəʊn ˈsplɪntə	v	To have a bone fragment stuck in the throat.																																						Curso::2A2::U5-Eu-Ja-Tinha-Visto::Falar-Obras-Filmes::Pokot
enredo (Pokot)		enredo	o enredo	u ẽˈʁedu	u ẽˈʁedu	sm	Trama ou sequência de eventos em uma obra.		plot	ˈplɑt	ˈplɒt	n	Sequence of events in a work.																																						Curso::2A2::U5-Eu-Ja-Tinha-Visto::Falar-Obras-Filmes::Pokot
entomologista (Pokot)		entomologista	o entomologista	u ẽtumuluˈʒiʃtɐ	u ẽtomoloˈʒistɐ	sm	Pessoa que estuda insetos.		entomologist	ˌɛntəˈmɑlədʒɪst	#entomologist#	n	Person who studies insects.																																						Curso::2A2::U5-Eu-Ja-Tinha-Visto::Falar-Obras-Filmes::Pokot
entusiasta de / apaixonado por (Pokot)		entusiasta de / apaixonado por	o entusiasta de / o apaixonado por	u ẽtuziˈaʃtɐ dɨ | u ɐpɐjʃuˈnadu puɾ	u ẽtuziˈastɐ dʒi | u apajʃoˈnadu puʁ	sm	Pessoa com grande interesse em algo.		enthusiast	ɪnˈθuziˌæst	ɪnˈθjuːziæst	n	Person with great interest in something.																																						Curso::2A2::U5-Eu-Ja-Tinha-Visto::Falar-Obras-Filmes::Pokot
epilepsia (Pokot)		epilepsia	a epilepsia	ɐ ipilɨˈpsiɐ	a ipilepˈsiɐ	sf	Doença caracterizada por convulsões recorrentes.		epilepsy	ˈɛpəˌlɛpsi	ˈepɪlepsi	n	Disease characterized by recurrent seizures.																																						Curso::2A2::U5-Eu-Ja-Tinha-Visto::Falar-Obras-Filmes::Pokot
explosivos (Pokot)		explosivos	os explosivos	uz iʃpluˈzivuʃ	uz iʃploˈzivus	smp	Substâncias usadas para causar explosões.		explosives	ɪkˈsploʊsɪvz	ɪkˈspləʊsɪvz	n	Substances used to cause explosions.																																						Curso::2A2::U5-Eu-Ja-Tinha-Visto::Falar-Obras-Filmes::Pokot
farpa de osso, lasca de osso (Pokot)		farpa de osso, lasca de osso	a farpa de osso, a lasca de osso	ɐ ˈfaɾpɐ dɨ ˈɔsu | ɐ ˈlaʃkɐ dɨ ˈɔsu	a ˈfaʁpɐ dʒi ˈɔsu | a ˈlaskɐ dʒi ˈɔsu	sf	Pedaço pontiagudo de osso.		bone splinter	ˈboʊn ˈsplɪntə˞	ˈbəʊn ˈsplɪntə	n	Pointed piece of bone.																																						Curso::2A2::U5-Eu-Ja-Tinha-Visto::Falar-Obras-Filmes::Pokot
padre (Pokot)		padre	o padre	u ˈpadɾɨ	u ˈpadɾi	sm	Religioso que realiza sacramentos na Igreja Católica.		priest	ˈpɹist	ˈpriːst	n	Religious person who performs sacraments in the Catholic Church.																																						Curso::2A2::U5-Eu-Ja-Tinha-Visto::Falar-Obras-Filmes::Pokot
data de nascimento (Pokot)		data de nascimento	a data de nascimento	ɐ ˈdatɐ dɨ nɐʃsiˈmẽtu	a ˈdatɐ dʒi nasiˈmẽtu	sf	Registro da data em que alguém nasceu.		birth date	ˈbɜ˞θ ˈdeɪt	ˈbɜːθ ˈdeɪt	n	Record of when someone was born.																																						Curso::2A2::U5-Eu-Ja-Tinha-Visto::Falar-Obras-Filmes::Pokot
festival de cinema (Pokot)		festival de cinema	o festival de cinema	u fɨʃtiˈvaɫ dɨ siˈnɛmɐ	u festʃiˈvaw dʒi siˈnɛmɐ	sm	Eventos de exibição de filmes.		film festival	ˈfɪlm ˈfɛstəvəl	ˈfɪlm ˈfestɪvᵊl	n	Events for screening films.																																						Curso::2A2::U5-Eu-Ja-Tinha-Visto::Falar-Obras-Filmes::Pokot
filme policial (Pokot)		filme policial	o filme policial	u ˈfiɫmɨ pulisiˈaɫ	u ˈfiwmi polisiˈaw	sm	Gênero de filme focado em crimes e investigação.		crime film	ˈkɹaɪm ˈfɪlm	ˈkraɪm ˈfɪlm	n	Genre focused on crime and investigation.																																						Curso::2A2::U5-Eu-Ja-Tinha-Visto::Falar-Obras-Filmes::Pokot
quinta de raposas (Pokot)		quinta de raposas	a quinta de raposas	ɐ ˈkĩtɐ dɨ ʁɐˈpɔzɐʃ	a ˈkĩtɐ dʒi ʁaˈpɔzas	sf	Local de criação de raposas.		fox farm	ˈfɑks ˈfɑrm	ˈfɒks ˈfɑːm	n	Place for breeding foxes.																																						Curso::2A2::U5-Eu-Ja-Tinha-Visto::Falar-Obras-Filmes::Pokot
golpe na cabeça (Pokot)		golpe na cabeça	o golpe na cabeça	u ˈɡɔɫpɨ ˈna kɐˈbɛsɐ	u ˈɡɔwpi ˈna kaˈbɛsɐ	sm	Golpe violento desferido contra a cabeça.		blow to the head	ˈbloʊ tə ðə ˈhɛd	ˈbləʊ tə ðə ˈhed	n	Violent strike to the head.																																						Curso::2A2::U5-Eu-Ja-Tinha-Visto::Falar-Obras-Filmes::Pokot
eventos de caça / caçadas (Pokot)		eventos de caça / caçadas	os eventos de caça / as caçadas	uz iˈvẽtuʒ dɨ ˈkasɐ | ɐʃ kɐˈsadɐʃ	uz iˈvẽtus dʒi ˈkasɐ | aʃ kaˈsadas	smp	Atividades de caça organizadas.		hunting events	ˈhəntɪŋ ɪˈvɛnts	ˈhʌntɪŋ ɪˈvents	n	Organized hunting activities.																																						Curso::2A2::U5-Eu-Ja-Tinha-Visto::Falar-Obras-Filmes::Pokot
época de caça (Pokot)		época de caça	a época de caça	ɐ ˈɛpukɐ dɨ ˈkasɐ	a ˈɛpukɐ dʒi ˈkasɐ	sf	Período autorizado para caça.		hunting season	ˈhəntɪŋ ˈsizn̩	ˈhʌntɪŋ ˈsiːzᵊn	n	Authorized period for hunting.																																						Curso::2A2::U5-Eu-Ja-Tinha-Visto::Falar-Obras-Filmes::Pokot
idosa excêntrica (Pokot)		idosa excêntrica	a idosa excêntrica	ɐ iˈdɔzɐ iˈʃsẽtɾikɐ	a iˈdɔzɐ iʃˈsẽtɾikɐ	sf	Mulher idosa com comportamentos incomuns.		eccentric old woman	ɪkˈsɛntɹɪk ˈoʊld ˈwʊmən	ekˈsentrɪk ˈəʊld ˈwʊmən	n	Old woman with unusual behaviors.																																						Curso::2A2::U5-Eu-Ja-Tinha-Visto::Falar-Obras-Filmes::Pokot
impactante (Pokot)		impactante	o impactante	u ĩpɐˈktɐ̃tɨ	u ĩpakˈtɐ̃tʃi	adj	Que causa forte impressão.		impactful	ɪmˈpʰæktfəl	ˈɪmpæktfʊl	adj	That leaves a strong impression.																																						Curso::2A2::U5-Eu-Ja-Tinha-Visto::Falar-Obras-Filmes::Pokot
inesperado (Pokot)		inesperado	o inesperado	u inɨʃpɨˈɾadu	u inespeˈɾadu	adj	Que ocorre de maneira imprevista.		unexpected	ˌənɪkˈspɛktəd	ˌʌnɪkˈspektɪd	adj	That happens unpredictably.																																						Curso::2A2::U5-Eu-Ja-Tinha-Visto::Falar-Obras-Filmes::Pokot
intenso (Pokot)		intenso	o intenso	u ĩˈtẽsu	u ĩˈtẽsu	adj	Forte ou extremo em intensidade.		intense	ɪnˈtʰɛns	ɪnˈtʰens	adj	Strong or extreme in intensity.																																						Curso::2A2::U5-Eu-Ja-Tinha-Visto::Falar-Obras-Filmes::Pokot
investigação, investigações (Pokot)		investigação, investigações	a investigação, investigações	ɐ ĩvɨʃtiɡɐˈsɐ̃w̃ | ĩvɨʃtiɡɐˈsõj̃ʃ	a ĩvestʃiɡaˈsɐ̃w̃ | ĩvestʃiɡaˈsõj̃s	sf	Atividade de examinar algo minuciosamente.		investigation	ɪnˌvɛstəˈɡeɪʃən	ɪnˌvestɪˈɡeɪʃᵊn	n	Activity of examining something in detail.																																						Curso::2A2::U5-Eu-Ja-Tinha-Visto::Falar-Obras-Filmes::Pokot
javali, javalis (Pokot)		javali, javalis	o javali / os javalis	u ʒɐvɐˈli | uʒ ʒɐvɐˈliʃ	u ʒavaˈli | uʒ ʒavaˈlis	sm/smp	Animal selvagem semelhante ao porco.		boar	ˈbɔr	ˈbɔː	n	Wild animal similar to a pig.																																						Curso::2A2::U5-Eu-Ja-Tinha-Visto::Falar-Obras-Filmes::Pokot
justiça (Pokot)		justiça	a justiça	ɐ ʒuˈʃtisɐ	a ʒusˈtʃisɐ	sf	Princípio de equidade e direito.		justice	ˈdʒəstəs	ˈdʒʌstɪs	n	Principle of fairness and law.																																						Curso::2A2::U5-Eu-Ja-Tinha-Visto::Falar-Obras-Filmes::Pokot
libertação (Pokot)		libertação	a libertação	ɐ libɨɾtɐˈsɐ̃w̃	a libeʁtaˈsɐ̃w̃	sf	Ato de libertar ou ser libertado.		liberation	ˌlɪbə˞ˈɹeɪʃən	ˌlɪbəˈreɪʃᵊn	n	Act of being set free.																																						Curso::2A2::U5-Eu-Ja-Tinha-Visto::Falar-Obras-Filmes::Pokot
língua polonesa (Pokot)		língua polonesa	a língua polonesa	ɐ ˈlĩɡwɐ puluˈnezɐ	a ˈlĩɡwɐ poloˈnezɐ	sf	Idioma oficial da Polônia.		Polish language	ˈpʰɑlɪʃ ˈlæŋɡwɪdʒ	ˈpʰəʊlɪʃ ˈlæŋɡwɪdʒ	n	Official language of Poland.																																						Curso::2A2::U5-Eu-Ja-Tinha-Visto::Falar-Obras-Filmes::Pokot
maçaroca de milho (Pokot)		maçaroca de milho	a maçaroca de milho	ɐ mɐsɐˈɾɔkɐ dɨ ˈmiʎu	a masaˈɾɔkɐ dʒi ˈmiʎu	sf	Espiga de milho.		corn cob	ˈkʰɔrn ˈkʰɑb	ˈkʰɔːn ˈkʰɒb	n	Ear of corn.																																						Curso::2A2::U5-Eu-Ja-Tinha-Visto::Falar-Obras-Filmes::Pokot
maus-tratos a animais (Pokot)		maus-tratos a animais	os maus-tratos a animais	uʒ mɐwsˈtɾatuz ɐ ɐniˈmajʃ	uʒ mawsˈtɾatus a ɐniˈmajs	smp	Atos de crueldade contra animais.		animal abuse	ˈænəməl əˈbjuz	ˈænɪməl əˈbjuːz	n	Acts of cruelty against animals.																																						Curso::2A2::U5-Eu-Ja-Tinha-Visto::Falar-Obras-Filmes::Pokot
marta (Pokot)		marta	a marta	ɐ ˈmaɾtɐ	a ˈmaʁtɐ	sf	Mamífero carnívoro de pequeno porte.		marten	ˈmɑrtn̩	ˈmɑːtɪn	n	Small carnivorous mammal.																																						Curso::2A2::U5-Eu-Ja-Tinha-Visto::Falar-Obras-Filmes::Pokot
presidente da câmara / autarca (Pokot)		presidente da câmara / autarca	o presidente da câmara / o autarca	u pɾɨziˈdẽtɨ dɐ ˈkɐmɐɾɐ | u ɐwˈtaɾkɐ	u pɾeziˈdẽtʃi dɐ ˈkɐmaɾɐ | u awˈtaʁkɐ	sm	Chefe do governo local.		mayor	ˈmeɪə˞	ˈmeə	n	Local government leader.																																						Curso::2A2::U5-Eu-Ja-Tinha-Visto::Falar-Obras-Filmes::Pokot
misterioso, misteriosa (Pokot)		misterioso, misteriosa	misterioso, misteriosa	miʃtɨɾiˈɔzu | miʃtɨɾiˈɔzɐ	misteɾiˈɔzu | misteɾiˈɔzɐ	adj	Que desperta curiosidade ou mistério.		mysterious	mɪˈstɪriəs	mɪˈstɪəriəs	adj	That arouses curiosity or mystery.																																						Curso::2A2::U5-Eu-Ja-Tinha-Visto::Falar-Obras-Filmes::Pokot
rato-almiscareiro (Pokot)		rato-almiscareiro	o rato-almiscareiro	u ʁɐtuaɫmiʃkɐˈɾɐjɾu	u ʁatoawmiskaˈɾejɾu	sm	Rodent pequeno conhecido por seu odor.		muskrat	ˈməskˌɹæt	ˈmʌskˌræt	n	Small rodent known for its odor.																																						Curso::2A2::U5-Eu-Ja-Tinha-Visto::Falar-Obras-Filmes::Pokot
neve (Pokot)		neve	a neve	ɐ ˈnɛvɨ	a ˈnɛvi	sf	Precipitação branca e fria.		snow	ˈsnoʊ	ˈsnəʊ	n	White, cold precipitation.																																						Curso::2A2::U5-Eu-Ja-Tinha-Visto::Falar-Obras-Filmes::Pokot
nomeação (Pokot)		nomeação	a nomeação	ɐ numiɐˈsɐ̃w̃	a nomiaˈsɐ̃w̃	sf	Indicação para um cargo ou prêmio.		nomination	ˌnɑməˈneɪʃən	ˌnɒmɪˈneɪʃᵊn	n	Indication for a position or award.																																						Curso::2A2::U5-Eu-Ja-Tinha-Visto::Falar-Obras-Filmes::Pokot
atmosfera opressiva / sufocante (Pokot)		atmosfera opressiva / sufocante	a atmosfera opressiva / sufocante	ɐ ɐtmuˈʃfeɾɐ opɾɨˈsivɐ | sufuˈkɐ̃tɨ	a atmosˈfeɾɐ opɾeˈsivɐ | sufoˈkɐ̃tʃi	sf	Ambiente que causa sensação de pressão ou desconforto.		oppressive atmosphere	əˈpɹɛsɪv ˈætməˌsfɪr	əˈpresɪv ˈætməsfɪə	n	Environment causing a sense of pressure or discomfort.																																						Curso::2A2::U5-Eu-Ja-Tinha-Visto::Falar-Obras-Filmes::Pokot
padre (Pokot)		padre	o padre	u ˈpadɾɨ	u ˈpadɾi	sm	Religioso responsável por ministrar sacramentos e orientar fiéis.		priest	ˈpɹist	ˈpriːst	n	Religious leader who administers sacraments and guides followers.																																						Curso::2A2::U5-Eu-Ja-Tinha-Visto::Falar-Obras-Filmes::Pokot
pegadas / rastros (Pokot)		pegadas / rastros	as pegadas / os rastros	ɐʃ pɨˈɡadɐʃ | uʒ ˈʁaʃtɾuʃ	aʃ peˈɡadas | uʒ ˈʁastɾus	sf/smp	Marcas deixadas no solo por passos ou movimentos.		tracks/footprints	#tracks/footprints#	#tracks/footprints#	n	Marks left on the ground by steps or movement.																																						Curso::2A2::U5-Eu-Ja-Tinha-Visto::Falar-Obras-Filmes::Pokot
perito informático (Pokot)		perito informático	o perito informático	u pɨˈɾitu ĩfuɾˈmatiku	u peˈɾitu ĩfoʁˈmatʃiku	sm	Especialista em tecnologia da informação.		IT expert	ɪt ˈɛkˌspɜ˞t	ɪt ˈekspɜːt	n	Specialist in information technology.																																						Curso::2A2::U5-Eu-Ja-Tinha-Visto::Falar-Obras-Filmes::Pokot
personagem principal (Pokot)		personagem principal	a personagem principal	ɐ pɨɾsuˈnaʒɐ̃j̃ pɾĩsiˈpaɫ	a peʁsoˈnaʒẽj̃ pɾĩsiˈpaw	sf	Protagonista de uma narrativa ou história.		main character	ˈmeɪn ˈkʰɛrɪktə˞	ˈmeɪn ˈkʰærɪktə	n	Protagonist of a story.																																						Curso::2A2::U5-Eu-Ja-Tinha-Visto::Falar-Obras-Filmes::Pokot
feromonas (Pokot)		feromonas	as feromonas	ɐʃ fɨɾuˈmɔnɐʃ	aʃ feɾoˈmɔnas	sfp	Substâncias químicas usadas para comunicação entre indivíduos da mesma espécie.		pheromones	ˈfɛrəˌmoʊnz	ˈferəməʊnz	n	Chemicals used for communication between individuals of the same species.																																						Curso::2A2::U5-Eu-Ja-Tinha-Visto::Falar-Obras-Filmes::Pokot
pista / indício (Pokot)		pista / indício	a pista / o indício	ɐ ˈpiʃtɐ | u ĩˈdisiu	a ˈpistɐ | u ĩˈdʒisiu	sf/sm	Informação ou sinal que ajuda a esclarecer algo.		clue/hint	#clue/hint#	#clue/hint#	n	Information or signal that helps clarify something.																																						Curso::2A2::U5-Eu-Ja-Tinha-Visto::Falar-Obras-Filmes::Pokot
tourão / toirão (Pokot)		tourão / toirão	o tourão / o toirão	u toˈɾɐ̃w̃ | u tojˈɾɐ̃w̃	u toˈɾɐ̃w̃ | u tojˈɾɐ̃w̃	sm	Animal da família dos mustelídeos, semelhante a um furão.		polecat	ˈpʰoʊlˌkæt	ˈpʰəʊlkæt	n	Mustelid animal, similar to a ferret.																																						Curso::2A2::U5-Eu-Ja-Tinha-Visto::Falar-Obras-Filmes::Pokot
polícia (instituição) (Pokot)		polícia (instituição)	a polícia	ɐ puˈlisiɐ	a poˈlisiɐ	sf	Força pública responsável pela segurança e ordem.		police (institution)	pəˈlis | ˌɪnstəˈtʰuʃən |	pəˈliːs | ˌɪnstɪˈtʰjuːʃᵊn |	n	Public force responsible for security and order.																																						Curso::2A2::U5-Eu-Ja-Tinha-Visto::Falar-Obras-Filmes::Pokot
polícia, polícias (pessoas) (Pokot)		polícia, polícias (pessoas)	o polícia, os polícias	u puˈlisiɐ | uʃ puˈlisiɐʃ	u poˈlisiɐ | uʃ poˈlisias	sm/smp	Agentes responsáveis por manter a ordem pública.		police (personnel)	pəˈlis | ˌpɜ˞səˈnɛl |	pəˈliːs | ˌpɜːsᵊnˈel |	n	Agents responsible for maintaining public order.																																						Curso::2A2::U5-Eu-Ja-Tinha-Visto::Falar-Obras-Filmes::Pokot
carteiro / carteira (Pokot)		carteiro / carteira	o carteiro / a carteira	u kɐɾˈtɐjɾu | ɐ kɐɾˈtɐjɾɐ	u kaʁˈtejɾu | a kaʁˈtejɾɐ	sm/sf	Profissional que entrega correspondências e encomendas.		mailman/mailwoman	#mailman/mailwoman#	#mailman/mailwoman#	n	Professional who delivers letters and packages.																																						Curso::2A2::U5-Eu-Ja-Tinha-Visto::Falar-Obras-Filmes::Pokot
prémio (Pokot)		prémio	o prémio	u ˈpɾɛmiu	u ˈpɾɛmiu	sm	Reconhecimento ou recompensa por mérito ou desempenho.		award	əˈwɔrd	əˈwɔːd	n	Recognition or reward for merit or performance.																																						Curso::2A2::U5-Eu-Ja-Tinha-Visto::Falar-Obras-Filmes::Pokot
produção (gral)		produção	a produção	ɐ pɾuduˈsɐ̃w̃	a pɾoduˈsɐ̃w̃	sf	Processo de criação de bens ou realização de atividades artísticas.		production	pɹəˈdəkʃən	prəˈdʌkʃᵊn	n	Process of creating goods or artistic works.																																						Curso::2A2::U5-Eu-Ja-Tinha-Visto::Falar-Obras-Filmes::Pokot
prostituição (Pokot)		prostituição	a prostituição	ɐ pɾuʃtitujˈsɐ̃w̃	a pɾostʃitujˈsɐ̃w̃	sf	Atividade de prestar serviços sexuais mediante pagamento.		prostitution	ˌpɹɑstəˈtʰuʃən	ˌprɒstɪˈtʰjuːʃᵊn	n	Activity of providing sexual services for payment.																																						Curso::2A2::U5-Eu-Ja-Tinha-Visto::Falar-Obras-Filmes::Pokot
reflexivo (Pokot)		reflexivo	o reflexivo	u ʁɨflɨˈksivu	u ʁeflekˈsivu	adj	Que estimula a reflexão ou o pensamento profundo.		reflective	ɹɪˈflɛktɪv	rɪˈflektɪv	adj	That encourages thought or reflection.																																						Curso::2A2::U5-Eu-Ja-Tinha-Visto::Falar-Obras-Filmes::Pokot
região montanhosa (Pokot)		região montanhosa	a região montanhosa	ɐ ʁɨʒiˈɐ̃w̃ mõtɐˈɲɔzɐ	a ʁeʒiˈɐ̃w̃ mõtɐˈɲɔzɐ	sf	Área caracterizada por relevo acidentado e elevações.		mountainous region	ˈmaʊntənəs ˈɹidʒən	ˈmaʊntɪnəs ˈriːdʒᵊn	n	Area characterized by rugged terrain and elevations.																																						Curso::2A2::U5-Eu-Ja-Tinha-Visto::Falar-Obras-Filmes::Pokot
romance (Pokot)		romance	o romance	u ʁuˈmɐ̃sɨ	u ʁoˈmɐ̃si	sm	Narrativa longa de ficção em prosa, geralmente centrada em personagens.		romance	ɹoˈmæns	rəˈmæns	n	Long narrative fiction in prose, usually focused on characters.																																						Curso::2A2::U5-Eu-Ja-Tinha-Visto::Falar-Obras-Filmes::Pokot
roteiro (gral)		roteiro	o roteiro	u ʁuˈtɐjɾu	u ʁoˈtejɾu	sm	Guia ou plano detalhado de uma narrativa, viagem ou produção.		script	ˈskɹɪpt	ˈskrɪpt	n	Detailed plan for a story, trip, or production.																																						Curso::2A2::U5-Eu-Ja-Tinha-Visto::Falar-Obras-Filmes::Pokot
convulsões / crises epilépticas (Pokot)		convulsões / crises epilépticas	as convulsões / as crises epilépticas	ɐʃ kõvuɫˈsõj̃ʃ | ɐʃ ˈkɾizɨz ipiˈlɛptikɐʃ	aʃ kõvuwˈsõj̃s | aʃ ˈkɾizes ipiˈlɛptʃikas	sfp	Movimentos involuntários causados por uma atividade cerebral anormal.		seizures/epileptic fits	#seizures/epileptic# ˈfɪts	#seizures/epileptic# ˈfɪts	n	Involuntary movements caused by abnormal brain activity.																																						Curso::2A2::U5-Eu-Ja-Tinha-Visto::Falar-Obras-Filmes::Pokot
sufocar-se com uma farpa de osso (Pokot)		sufocar-se com uma farpa de osso	sufocar-se com uma farpa de osso	sufuˈkaɾsɨ ˈkõ ˈumɐ ˈfaɾpɐ dɨ ˈɔsu	sufoˈkaʁsi ˈkõ ˈumɐ ˈfaʁpɐ dʒi ˈɔsu	exp	Engasgar-se ou asfixiar-se com um fragmento de osso.		to choke on a bone splinter	tə ˈtʃoʊk ˈɔn ə ˈboʊn ˈsplɪntə˞	tə ˈtʃəʊk ɒn ə ˈbəʊn ˈsplɪntə	v	To suffocate or choke on a bone fragment.																																						Curso::2A2::U5-Eu-Ja-Tinha-Visto::Falar-Obras-Filmes::Pokot
surpreendente (Pokot)		surpreendente	o surpreendente	u suɾpɾɨẽˈdẽtɨ	u suʁpɾeẽˈdẽtʃi	adj	Algo que causa surpresa ou admiração.		surprising	sə˞ˈpɹaɪzɪŋ	səˈpraɪzɪŋ	adj	Something that causes surprise or admiration.																																						Curso::2A2::U5-Eu-Ja-Tinha-Visto::Falar-Obras-Filmes::Pokot
suspeito / suspeita (Pokot)		suspeito / suspeita	o suspeito / a suspeita	u suˈʃpɐjtu | ɐ suˈʃpɐjtɐ	u susˈpejtu | a susˈpejtɐ	sm/sf	Pessoa considerada responsável por um crime ou delito.		suspect	səˈspɛkt	səˈspekt	n/adj	Person considered responsible for a crime.																																						Curso::2A2::U5-Eu-Ja-Tinha-Visto::Falar-Obras-Filmes::Pokot
teoria		teoria	a teoria	ɐ tiuˈɾiɐ	a tʃioˈɾiɐ	sf	Conjunto de princípios que explicam um fenômeno ou conceito.		theory	ˈθiə˞ɹi	ˈθɪəri	n	Set of principles explaining a phenomenon or concept.																																						Curso::2A2::U5-Eu-Ja-Tinha-Visto::Falar-Obras-Filmes::Pokot
loja de artigos em segunda mão (Pokot)		loja de artigos em segunda mão	a loja de artigos em segunda mão	ɐ ˈlɔʒɐ dɨ ɐɾˈtiɡuz ˈɐ̃j̃ sɨˈɡũdɐ ˈmɐ̃w̃	a ˈlɔʒɐ dʒi aʁˈtʃiɡus ˈẽj̃ seˈɡũdɐ ˈmɐ̃w̃	sf	Estabelecimento que vende produtos usados.		second-hand store	ˈsɛkəndˈhænd ˈstɔr	ˌsekᵊndˈhænd ˈstɔː	n	Shop selling used products.																																						Curso::2A2::U5-Eu-Ja-Tinha-Visto::Falar-Obras-Filmes::Pokot
Urso de Ouro / Urso de Prata (Pokot)		Urso de Ouro / Urso de Prata	o Urso de Ouro / o Urso de Prata	u ˈuɾsu dɨ ˈoɾu | u ˈuɾsu dɨ ˈpɾatɐ	u ˈuʁsu dʒi ˈoɾu | u ˈuʁsu dʒi ˈpɾatɐ	sm	Premiação em festivais de cinema, como o de Berlim.		Golden Bear/Silver Bear	ˈɡoʊldən #Bear/Silver# ˈbɛr	ˈɡəʊldᵊn #Bear/Silver# ˈbeə	n	Award at film festivals, like the Berlinale.																																						Curso::2A2::U5-Eu-Ja-Tinha-Visto::Falar-Obras-Filmes::Pokot
vingança (Pokot)		vingança	a vingança	ɐ vĩˈɡɐ̃sɐ	a vĩˈɡɐ̃sɐ	sf	Ato de retribuir um dano ou ofensa sofrida.		revenge	ɹɪˈvɛndʒ	rɪˈvendʒ	n	Act of retaliating for a harm or offense suffered.																																						Curso::2A2::U5-Eu-Ja-Tinha-Visto::Falar-Obras-Filmes::Pokot
vizinho, vizinhos	<img src="_55_Saludar_Vecino_Pintar_Casa.JPG">	vizinho, vizinhos	o vizinho, os vizinhos	u viˈziɲu | uʒ viˈziɲuʃ	u viˈziɲu | uʒ viˈziɲus	sm	Pessoa que reside próximo a outra.		neighbor	ˈneɪbə˞	ˈneɪbə	n	Person living nearby.																																						Curso::2A2::U5-Eu-Ja-Tinha-Visto::Falar-Obras-Filmes::Pokot Portugues::1VOC Portugues::1VOC::Pessoas Portugues::Ortografia::Sibilantes::Inseto-Z Voc::People::Relationships
Capuchinho Vermelho e el lobo feroz / lobo mau (Pokot)		Capuchinho Vermelho e o lobo feroz / lobo mau (Pokot)	Capuchinho Vermelho e o Lobo Mau	kɐpuˈʃiɲu vɨɾˈmɐʎu i u ˈlɔbu ˈmaw	kapuˈʃiɲu veʁˈmeʎu i u ˈlɔbu ˈmaw	sm	Personagens de contos tradicionais onde uma menina encontra um lobo perigoso.		Little Red Riding Hood and the Big Bad Wolf	ˈlɪtl̩ ˈɹɛd ˈɹaɪdɪŋ ˈhʊd ənd ðə ˈbɪɡ ˈbæd ˈwʊlf	ˈlɪtᵊl ˈred ˈraɪdɪŋ ˈhʊd ənd ðə ˈbɪɡ ˈbæd ˈwʊlf	n	Characters from traditional tales where a girl meets a dangerous wolf.																																						Curso::2A2::U5-Eu-Ja-Tinha-Visto::Falar-Obras-Filmes::Pokot
Capuchinho Vermelho (Pokot)		Capuchinho Vermelho (Pokot)	Capuchinho Vermelho	kɐpuˈʃiɲu vɨɾˈmɐʎu	kapuˈʃiɲu veʁˈmeʎu	sm	Personagem de um conto tradicional que enfrenta um lobo astuto.		Little Red Riding Hood	ˈlɪtl̩ ˈɹɛd ˈɹaɪdɪŋ ˈhʊd	ˈlɪtᵊl ˈred ˈraɪdɪŋ ˈhʊd	n	Character from a traditional tale who faces a cunning wolf.																																						Curso::2A2::U5-Eu-Ja-Tinha-Visto::Falar-Obras-Filmes::Pokot
pesquisas (polícia)		as investigações, as pesquisas	as investigações, as pesquisas	ɐʃ ĩvɨʃtiɡɐˈsõj̃ʃ | ɐʃ pɨsˈkizɐʃ	aʃ ĩvestʃiɡaˈsõj̃s | aʃ pesˈkizas	sf	Ações realizadas pela polícia para descobrir a verdade sobre um crime ou incidente.		police investigation	pəˈlis ɪnˌvɛstəˈɡeɪʃən	pəˈliːs ɪnˌvestɪˈɡeɪʃᵊn	n	Actions by the police to uncover the truth about a crime or incident.																																						Curso::2A2::U5-Eu-Ja-Tinha-Visto::Falar-Obras-Filmes::Pokot